abogado-vs-lawyer.en	.abogado vs .lawyer: which should I choose?	.abogado is Spanish for lawyer — sharpest for practices serving Spanish-speaking clients, about $26/yr flat; .lawyer speaks to English-speaking clients at about $50/yr flat. See “Which to pick” on this page for the full verdict.
abogado-vs-lawyer.zh	.abogado 和 .lawyer 怎么选？	.abogado 是西班牙语「律师」后缀，面向西语客户的律师定位最准，注册约 $26/年续费同价；.lawyer 面向英语客户，注册续费均约 $50/年。完整结论见本页「怎么选」一节。
actor-vs-studio.en	.actor vs .studio: which should I choose?	.actor writes the performing profession into the address — sharpest for actor portfolios and casting profiles, about $35/yr flat; .studio names the creative team, the generic signboard for design, film and game shops. See “Which to pick” on this page for the full verdict.
actor-vs-studio.zh	.actor 和 .studio 怎么选？	.actor 把表演职业写进域名，演员个人官网与选角展示定位最准，注册约 $35/年续费同价；.studio 说创作团队，设计、影像、游戏工作室的通用招牌。完整结论见本页「怎么选」一节。
amsterdam-vs-berlin.en	.amsterdam vs .berlin: which should I choose?	.amsterdam was launched by the City of Amsterdam and run by SIDN, about $39/yr flat; .berlin is Berlin's official suffix at about $42/yr flat. See “Which to pick” on this page for the full verdict.
amsterdam-vs-berlin.zh	.amsterdam 和 .berlin 怎么选？	.amsterdam 由阿姆斯特丹市政府发起、SIDN 运营，注册约 $39/年续费同价；.berlin 是柏林官方后缀，注册约 $42/年续费同价。完整结论见本页「怎么选」一节。
ar-vs-cl.en	.ar vs .cl: which should I choose?	.ar is Argentina's country domain at about $36/yr flat, open to anyone since 2019 (NIC Argentina registration required); .cl is Chile's at about $18/yr flat, open worldwide (a local contact is required; registrars provide one). See “Which to pick” on this page for the full verdict.
ar-vs-cl.zh	.ar 和 .cl 怎么选？	.ar 是阿根廷国家域名、约 $36/年平续、2019 年起任何人可注册（需 NIC Argentina 登记）；.cl 是智利国家域名、约 $18/年平续、向全球开放（需本地联系人，注册商可代办）。完整结论见本页「怎么选」一节。
at-vs-de.en	.at vs .de: which should I choose?	.at is Austria's country domain at about $14/yr flat, open to anyone, with preposition hacks like meet.at; .de is Europe's largest ccTLD (18 million names as of June 2026, per DENIC) at about $8/yr flat, the default for the German market. See “Which to pick” on this page for the full verdict.
at-vs-de.zh	.at 和 .de 怎么选？	.at 是奥地利国家域名、约 $14/年平续、任何人可注册，还能拼 meet.at 类短语域名；.de 是欧洲最大的 ccTLD（2026-06 突破 1,800 万，DENIC）、约 $8/年平续，德国市场标配。完整结论见本页「怎么选」一节。
au-vs-com.en	.au vs .com: which should I choose?	.au opened direct registration only in 2022 — fresh inventory on decades of trust at about $12/yr flat, gated by Australian presence rules; .com is the global default with empty shelves. See “Which to pick” on this page for the full verdict.
au-vs-com.zh	.au 和 .com 怎么选？	.au 2022 年才开放二级直注、库存新鲜且本地信任几十年，约 $12/年平续但需澳大利亚存在资格；.com 全球通用但好名字绝迹。完整结论见本页「怎么选」一节。
be-vs-nl.en	.be vs .nl: which should I choose?	.be is Belgium's country domain at about $9 to register and $10/yr to renew, with verb hacks like youtu.be; .nl is the world's third-largest ccTLD with top Dutch penetration at about $9 to register and $10/yr to renew. See “Which to pick” on this page for the full verdict.
be-vs-nl.zh	.be 和 .nl 怎么选？	.be 是比利时国家域名、注册约 $9、续费约 $10/年，还能拼 youtu.be 式短语域名；.nl 是全球第三大 ccTLD、荷兰渗透率极高、注册约 $9、续费约 $10/年。完整结论见本页「怎么选」一节。
berlin-vs-city.en	.berlin vs .city: which should I choose?	.berlin is Berlin's official city suffix — sharpest for local positioning at about $42/yr flat; .city is the generic city word for any town, about $5 to register and $23/yr to renew. See “Which to pick” on this page for the full verdict.
berlin-vs-city.zh	.berlin 和 .city 怎么选？	.berlin 是柏林官方城市后缀，本地定位最准，注册约 $42/年续费同价；.city 是通用城市词，任何城市都能用，注册约 $5 续费约 $23/年。完整结论见本页「怎么选」一节。
boston-vs-city.en	.boston vs .city: which should I choose?	.boston is Boston's city-endorsed suffix — sharpest for local businesses and education or healthcare institutions, about $19/yr flat; .city names the generic idea of a city, usable for any town, about $5 first year then $23/yr. See “Which to pick” on this page for the full verdict.
boston-vs-city.zh	.boston 和 .city 怎么选？	.boston 是波士顿官方城市后缀，本地商家与教育医疗机构定位最准，注册约 $19/年续费同价；.city 说泛城市语义，任何城市的指南站都能用，首年约 $5 续费约 $23/年。完整结论见本页「怎么选」一节。
br-vs-mx.en	.br vs .mx: which should I choose?	.br is Brazil's country domain at about $8/yr flat, gated by a Brazilian tax ID; .mx is Mexico's, open to anyone, at about $13 in year one but ~$50/yr renewal. See “Which to pick” on this page for the full verdict.
br-vs-mx.zh	.br 和 .mx 怎么选？	.br 是巴西国家域名、约 $8/年平续、需巴西税号；.mx 是墨西哥国家域名、任何人可注册、首年约 $13 但续费约 $50/年。完整结论见本页「怎么选」一节。
br-vs-pt.en	.br vs .pt: which should I choose?	.br is Brazil's country domain at about $8/yr flat, gated by a Brazilian tax ID (CPF/CNPJ); .pt is Portugal's at about $15/yr flat, open to anyone. See “Which to pick” on this page for the full verdict.
br-vs-pt.zh	.br 和 .pt 怎么选？	.br 是巴西国家域名、约 $8/年平续、需巴西税号（CPF/CNPJ）；.pt 是葡萄牙国家域名、约 $15/年平续、任何人可注册。完整结论见本页「怎么选」一节。
ca-vs-us.en	.ca vs .us: which should I choose?	.ca is gated by Canadian Presence Requirements with top local trust at about $13/yr flat; .us needs a US nexus, costs little and plays phrase puns but forbids WHOIS privacy. See “Which to pick” on this page for the full verdict.
ca-vs-us.zh	.ca 和 .us 怎么选？	.ca 需满足加拿大存在要求、本地信任度极高且约 $13/年平续；.us 需美国关联、便宜且可玩短语梗但禁止 WHOIS 隐私。完整结论见本页「怎么选」一节。
ch-vs-de.en	.ch vs .de: which should I choose?	.ch is Switzerland's country domain with a "Swiss made" quality halo at about $12/yr flat, open to anyone; .de is Europe's largest ccTLD (18 million names as of June 2026, per DENIC) at about $8/yr flat, the default for the German market. See “Which to pick” on this page for the full verdict.
ch-vs-de.zh	.ch 和 .de 怎么选？	.ch 是瑞士国家域名、自带「瑞士制造」品质联想，约 $12/年平续、任何人可注册；.de 是欧洲最大的 ccTLD（2026-06 突破 1,800 万，DENIC）、约 $8/年平续，德国市场标配。完整结论见本页「怎么选」一节。
cl-vs-mx.en	.cl vs .mx: which should I choose?	.cl is Chile's country domain at about $18/yr flat, open worldwide (a local Chilean contact is required; registrars provide one); .mx is Mexico's, open to anyone, at about $13 in year one but ~$50/yr renewal. See “Which to pick” on this page for the full verdict.
cl-vs-mx.zh	.cl 和 .mx 怎么选？	.cl 是智利国家域名、约 $18/年平续、向全球开放（需智利本地联系人，注册商可代办）；.mx 是墨西哥国家域名、任何人可注册、首年约 $13 但续费约 $50/年。完整结论见本页「怎么选」一节。
college-vs-academy.en	.college vs .academy: which should I choose?	.college names the institutional identity of a college — sharpest for vocational schools and test-prep brands, about $52/yr flat; .academy names the skills bootcamp, the generic front for training of every kind. See “Which to pick” on this page for the full verdict.
college-vs-academy.zh	.college 和 .academy 怎么选？	.college 说「学院」这个机构身份，职业院校与备考机构定位最准，注册约 $52/年续费同价；.academy 说技能训练营，编程、健身、语言培训的通用门牌。完整结论见本页「怎么选」一节。
condos-vs-apartments.en	.condos vs .apartments: which should I choose?	.condos names owned units — sharpest for development sales and vacation condos, about $47/yr flat; .apartments names rentals, the default for long-stay brands and leasing pages, about $11 then $46/yr. See “Which to pick” on this page for the full verdict.
condos-vs-apartments.zh	.condos 和 .apartments 怎么选？	.condos 说产权公寓，楼盘销售与度假公寓定位最准，注册约 $47/年续费同价；.apartments 说租赁公寓，长租品牌与招租页的标配，注册约 $11 续费约 $46/年。完整结论见本页「怎么选」一节。
cz-vs-pl.en	.cz vs .pl: which should I choose?	.cz is Czechia's country domain at about $10/yr flat, open to anyone; .pl is Poland's at about $6 in year one but ~$25/yr renewal, equally zero-bar. See “Which to pick” on this page for the full verdict.
cz-vs-pl.zh	.cz 和 .pl 怎么选？	.cz 是捷克国家域名、约 $10/年平续、任何人可注册；.pl 是波兰国家域名、首年约 $6 但续费约 $25/年、同样零门槛。完整结论见本页「怎么选」一节。
de-vs-com.en	.de vs .com: which should I choose?	.de is Europe's largest ccTLD (18 million names as of June 2026, per DENIC) with German local trust and local-SEO upside at about $8/yr flat; .com is the global default with empty shelves. See “Which to pick” on this page for the full verdict.
de-vs-com.zh	.de 和 .com 怎么选？	.de 是欧洲最大的 ccTLD（DENIC：2026 年 6 月突破 1,800 万）、德国本地信任与本地 SEO 双加成，注册约 $8/年平续；.com 全球通用但好名字绝迹。完整结论见本页「怎么选」一节。
de-vs-eu.en	.de vs .eu: which should I choose?	.de is the default signal for the German market at about $8/yr flat; .eu says "we serve all of Europe" but requires EU/EEA eligibility. See “Which to pick” on this page for the full verdict.
de-vs-eu.zh	.de 和 .eu 怎么选？	.de 是德国市场的默认信号、约 $8/年平续；.eu 讲「服务全欧洲」但需欧盟/EEA 资格。完整结论见本页「怎么选」一节。
dk-vs-se.en	.dk vs .se: which should I choose?	.dk is Denmark's country domain at about $12/yr flat with registry ID validation and a Nordic design halo; .se is Sweden's at about $15/yr flat, open to anyone, with a Stockholm-innovation halo. See “Which to pick” on this page for the full verdict.
dk-vs-se.zh	.dk 和 .se 怎么选？	.dk 是丹麦国家域名、约 $12/年平续、注册需身份验证，自带北欧设计联想；.se 是瑞典国家域名、约 $15/年平续、任何人可注册，自带斯德哥尔摩创新圈联想。完整结论见本页「怎么选」一节。
domains-vs-tools.en	.domains vs .tools: which should I choose?	.domains writes the domain industry into the address itself — sharpest for registrars and domain tools, about $35/yr flat; .tools names any online utility. See “Which to pick” on this page for the full verdict.
domains-vs-tools.zh	.domains 和 .tools 怎么选？	.domains 把域名行业写进域名本身，注册商与域名工具定位最准，注册约 $35/年续费同价；.tools 说通用工具，任何在线小工具都能用。完整结论见本页「怎么选」一节。
ee-vs-fi.en	.ee vs .fi: which should I choose?	.ee is Estonia's country domain at ~$12/yr, requiring non-local registrants to appoint an in-country contact (registrars arrange it); .fi is Finland's at ~$10/yr, open to anyone. See “Which to pick” on this page for the full verdict.
ee-vs-fi.zh	.ee 和 .fi 怎么选？	.ee 是爱沙尼亚国家域名、约 $12/年、非本地注册人需指定境内联系人（注册商可代办）；.fi 是芬兰国家域名、约 $10/年、任何人可注册。完整结论见本页「怎么选」一节。
eg-vs-sa.en	.eg vs .sa: which should I choose?	.eg is Egypt's country domain at ~$90/yr via accredited registrars (foreign firms may need a local agent); .sa is Saudi Arabia's at ~$55/yr, requiring a Saudi CR or trademark. See “Which to pick” on this page for the full verdict.
eg-vs-sa.zh	.eg 和 .sa 怎么选？	.eg 是埃及国家域名、约 $90/年、经授权注册商办理（外企或需本地代理）；.sa 是沙特国家域名、约 $55/年、需沙特商业登记或商标。完整结论见本页「怎么选」一节。
es-vs-eu.en	.es vs .eu: which should I choose?	.es is Spain's country domain — no eligibility restrictions, anyone can register — at about $8 to register and $10/yr to renew; .eu is the EU's official domain covering all of Europe but requiring EU/EEA eligibility. See “Which to pick” on this page for the full verdict.
es-vs-eu.zh	.es 和 .eu 怎么选？	.es 是西班牙国家域名、无资格限制任何人可注册，注册约 $8、续费约 $10/年；.eu 是欧盟官方域名、覆盖全欧但需欧盟/EEA 资格。完整结论见本页「怎么选」一节。
fi-vs-se.en	.fi vs .se: which should I choose?	.fi is Finland's country domain at about $10/yr flat, open to anyone, with a Helsinki gaming-tech halo; .se is Sweden's at about $15/yr flat, open to anyone, with a Stockholm-innovation halo. See “Which to pick” on this page for the full verdict.
fi-vs-se.zh	.fi 和 .se 怎么选？	.fi 是芬兰国家域名、约 $10/年平续、任何人可注册，自带赫尔辛基游戏科技联想；.se 是瑞典国家域名、约 $15/年平续、任何人可注册，自带斯德哥尔摩创新圈联想。完整结论见本页「怎么选」一节。
fr-vs-com.en	.fr vs .com: which should I choose?	.fr is France's country domain with local trust and French-market SEO upside at about $9 to register and $10/yr to renew, EU/EEA eligibility required; .com is the global default with empty shelves. See “Which to pick” on this page for the full verdict.
fr-vs-com.zh	.fr 和 .com 怎么选？	.fr 是法国国家域名、本地信任与法语市场 SEO 双加成，注册约 $9、续费约 $10/年，需欧盟/EEA 资格；.com 全球通用但好名字绝迹。完整结论见本页「怎么选」一节。
ge-vs-tr.en	.ge vs .tr: which should I choose?	.ge is Georgia's country domain at ~$30/yr, open to anyone; .tr is Turkey's at ~$15/yr, equally open. See “Which to pick” on this page for the full verdict.
ge-vs-tr.zh	.ge 和 .tr 怎么选？	.ge 是格鲁吉亚国家域名、约 $30/年、任何人可注册；.tr 是土耳其国家域名、约 $15/年、同样完全开放。完整结论见本页「怎么选」一节。
gmbh-vs-company.en	.gmbh vs .company: which should I choose?	.gmbh is the dedicated suffix for German-speaking limited companies — same word as the register entry, about $37/yr flat but GmbH-entities only; .company names any company anywhere, renewing near $17/yr, the cheapest tier. See “Which to pick” on this page for the full verdict.
gmbh-vs-company.zh	.gmbh 和 .company 怎么选？	.gmbh 是德语区有限责任公司的专属后缀，与工商注册名同词，注册约 $37/年续费同价但要求 GmbH 实体资格；.company 说泛公司语义，任何主体都能用且续费约 $17/年最便宜。完整结论见本页「怎么选」一节。
gr-vs-tr.en	.gr vs .tr: which should I choose?	.gr is Greece's country domain, billed in two-year terms at an effective ~$14/yr, open to anyone; .tr is Türkiye's at about $15/yr flat, open to everyone since 2023. See “Which to pick” on this page for the full verdict.
gr-vs-tr.zh	.gr 和 .tr 怎么选？	.gr 是希腊国家域名、按两年计费折合约 $14/年、任何人可注册；.tr 是土耳其国家域名、约 $15/年平续、2023 年起任何人可直注。完整结论见本页「怎么选」一节。
healthcare-vs-health.en	.healthcare vs .health: which should I choose?	.healthcare is the umbrella term for the medical industry — sharpest for health systems and care platforms, about $71/yr flat; .health spans wellness and fitness too, about $11 first year then $62/yr. See “Which to pick” on this page for the full verdict.
healthcare-vs-health.zh	.healthcare 和 .health 怎么选？	.healthcare 是医疗行业的总称后缀，医疗集团与健康平台定位最准，注册约 $71/年续费同价；.health 说泛健康（含健身养生），首年约 $11 续费约 $62/年。完整结论见本页「怎么选」一节。
hk-vs-sg.en	.hk vs .sg: which should I choose?	.hk is Hong Kong's regional domain — no eligibility restrictions, anyone can register — at about $25/yr flat, radiating across the Greater Bay Area and Chinese-speaking markets; .sg is Singapore's country domain at about $39/yr flat with local presence required and compliance connotations across Southeast Asia. See “Which to pick” on this page for the full verdict.
hk-vs-sg.zh	.hk 和 .sg 怎么选？	.hk 是香港地区域名、无资格限制任何人可注册，约 $25/年平续，面向大湾区与两岸三地商圈；.sg 是新加坡国家域名、约 $39/年平续、需本地存在，在东南亚商圈自带合规联想。完整结论见本页「怎么选」一节。
hospital-vs-clinic.en	.hospital vs .clinic: which should I choose?	.hospital names the institutional tier — sharpest for general and specialty hospitals and care facilities, about $46/yr flat; .clinic covers every outpatient health service, from chains to consulting plays. See “Which to pick” on this page for the full verdict.
hospital-vs-clinic.zh	.hospital 和 .clinic 怎么选？	.hospital 说「医院」这个机构层级，综合与专科医院、康复与护理机构定位最准，注册约 $46/年续费同价；.clinic 覆盖一切门诊制健康服务，连锁门诊与咨询生意通用。完整结论见本页「怎么选」一节。
hu-vs-cz.en	.hu vs .cz: which should I choose?	.hu is Hungary's country domain at about $20/yr flat, requiring EU/EEA status or a Hungarian trademark (registrar proxies available); .cz is Czechia's at about $10/yr flat, open to anyone. See “Which to pick” on this page for the full verdict.
hu-vs-cz.zh	.hu 和 .cz 怎么选？	.hu 是匈牙利国家域名、约 $20/年平续、需欧盟/EEA 身份或匈牙利商标（注册商可代理）；.cz 是捷克国家域名、约 $10/年平续、任何人可注册。完整结论见本页「怎么选」一节。
id-vs-me.en	.id vs .me: which should I choose?	.id is Indonesia's country domain that naturally reads as English "ID/identity", at about $8 in year one but ~$30/yr renewal; .me is Montenegro's, long genericized as the personal-brand suffix, priced close to .com. See “Which to pick” on this page for the full verdict.
id-vs-me.zh	.id 和 .me 怎么选？	.id 是印度尼西亚国家域名、天然读作英文 ID/身份、首年约 $8 但续费约 $30/年；.me 是黑山国家域名、早已通用化为个人品牌后缀、价格与 .com 接近。完整结论见本页「怎么选」一节。
id-vs-sg.en	.id vs .sg: which should I choose?	.id is Indonesia's country domain, open to anyone, at about $8 in year one but ~$30/yr renewal; .sg is Singapore's at about $39/yr flat, requiring local presence (registrar proxies available). See “Which to pick” on this page for the full verdict.
id-vs-sg.zh	.id 和 .sg 怎么选？	.id 是印度尼西亚国家域名、任何人可注册、首年约 $8 但续费约 $30/年；.sg 是新加坡国家域名、约 $39/年平续、需本地存在（注册商可代理）。完整结论见本页「怎么选」一节。
ie-vs-uk.en	.ie vs .uk: which should I choose?	.ie is Ireland's country domain at about $25/yr flat, requiring proof of an Irish connection, with an "EU + English" double position; .uk is the UK's at about $6/yr flat with tens of millions of registrations. See “Which to pick” on this page for the full verdict.
ie-vs-uk.zh	.ie 和 .uk 怎么选？	.ie 是爱尔兰国家域名、约 $25/年平续、需证明爱尔兰联系，自带「欧盟 + 英语」双重定位；.uk 是英国国家域名、约 $6/年平续、上千万注册量。完整结论见本页「怎么选」一节。
il-vs-com.en	.il vs .com: which should I choose?	.il is Israel's country domain — .co.il ~$18/yr fully open, direct .il ~$25/yr opening in phases; .com is the global default at ~$10-15/yr but with good names nearly exhausted. See “Which to pick” on this page for the full verdict.
il-vs-com.zh	.il 和 .com 怎么选？	.il 是以色列国家域名，.co.il 约 $18/年完全开放、顶级直注约 $25/年分阶段放开；.com 是全球默认商业后缀、约 $10-15/年但好名字几乎注光。完整结论见本页「怎么选」一节。
immo-vs-estate.en	.immo vs .estate: which should I choose?	.immo is the everyday French/German abbreviation for real estate — sharpest for continental-European agencies, about $28/yr flat; .estate speaks the English market's language, the general front for agencies and developers. See “Which to pick” on this page for the full verdict.
immo-vs-estate.zh	.immo 和 .estate 怎么选？	.immo 是法语/德语不动产行业缩写，欧陆房产中介定位最准，注册约 $28/年续费同价；.estate 面向英语市场的地产语义，中介与开发商的通用门面。完整结论见本页「怎么选」一节。
immobilien-vs-immo.en	.immobilien vs .immo: which should I choose?	.immobilien is the full German word for real estate, mapping one-to-one to brokerage firm names, about $8 first year then $30/yr; .immo is the four-letter abbreviation at about $28/yr flat. See “Which to pick” on this page for the full verdict.
immobilien-vs-immo.zh	.immobilien 和 .immo 怎么选？	.immobilien 是德语「房地产」全称后缀，与中介公司名一一对应，首年约 $8 续费约 $30/年；.immo 是更短的缩写，注册约 $28/年续费同价。完整结论见本页「怎么选」一节。
is-vs-fi.en	.is vs .fi: which should I choose?	.is is Iceland's country domain at ~$62/yr and the English verb "is" itself — a first-class domain hack; .fi is Finland's at ~$10/yr, open to anyone. See “Which to pick” on this page for the full verdict.
is-vs-fi.zh	.is 和 .fi 怎么选？	.is 是冰岛国家域名、约 $62/年、还是英语系动词 is 本身，域名黑客玩法一流；.fi 是芬兰国家域名、约 $10/年、任何人可注册。完整结论见本页「怎么选」一节。
it-vs-de.en	.it vs .de: which should I choose?	.it is Italy's country domain with 3.5M registrations at about $8 to register and $10/yr to renew, EU/EEA eligibility required, plus IT double-meaning hacks; .de is Europe's largest ccTLD (18 million names as of June 2026, per DENIC) at about $8/yr flat. See “Which to pick” on this page for the full verdict.
it-vs-de.zh	.it 和 .de 怎么选？	.it 是意大利国家域名、约 350 万注册量，注册约 $8、续费约 $10/年，需欧盟/EEA 资格，兼有 IT 双关玩法；.de 是欧洲最大的 ccTLD（2026-06 突破 1,800 万，DENIC）、约 $8/年平续。完整结论见本页「怎么选」一节。
jp-vs-cn.en	.jp vs .cn: which should I choose?	.jp is Japan's most trusted market entrance at about $40/yr flat with a local-address requirement; .cn is affordable and ICP-filing friendly with real-name verification. See “Which to pick” on this page for the full verdict.
jp-vs-cn.zh	.jp 和 .cn 怎么选？	.jp 是日本市场信任度最高的入口、约 $40/年平续、需日本联系地址；.cn 价格亲民、备案合规友好、需实名认证。完整结论见本页「怎么选」一节。
kaufen-vs-shop.en	.kaufen vs .shop: which should I choose?	.kaufen is German for to buy — sharpest for German-market commerce and promo pages, about $6 first year then $24/yr; .shop is the most recognized e-commerce suffix worldwide, cheap year one with notably higher renewals. See “Which to pick” on this page for the full verdict.
kaufen-vs-shop.zh	.kaufen 和 .shop 怎么选？	.kaufen 是德语「购买」后缀，德语区电商与促销页定位最准，首年约 $6 续费约 $24/年；.shop 是全球认知最成熟的电商后缀，首年常有低价促销但续费明显更高。完整结论见本页「怎么选」一节。
ke-vs-ng.en	.ke vs .ng: which should I choose?	.ke is Kenya's country domain — direct registration ~$50/yr (.co.ke ~$10/yr), open to anyone; .ng is Nigeria's — direct ~$36/yr (.com.ng ~$10/yr), equally open. See “Which to pick” on this page for the full verdict.
ke-vs-ng.zh	.ke 和 .ng 怎么选？	.ke 是肯尼亚国家域名、顶级直注约 $50/年（.co.ke 约 $10/年）、任何人可注册；.ng 是尼日利亚国家域名、顶级直注约 $36/年（.com.ng 约 $10/年）、同样开放。完整结论见本页「怎么选」一节。
kr-vs-jp.en	.kr vs .jp: which should I choose?	.kr is South Korea's country domain with a K-wave authenticity halo at about $40/yr flat, Korean contact address required; .jp is Japan's country domain and among Asia's most trusted ccTLDs at about $40/yr flat. See “Which to pick” on this page for the full verdict.
kr-vs-jp.zh	.kr 和 .jp 怎么选？	.kr 是韩国国家域名、K 系品牌自带「韩流正品」联想，约 $40/年平续、需韩国联系地址；.jp 是日本国家域名、亚洲信任度最高的 ccTLD 之一，约 $40/年平续。完整结论见本页「怎么选」一节。
kz-vs-tr.en	.kz vs .tr: which should I choose?	.kz is Kazakhstan's country domain at ~$12/yr, requiring name servers located inside Kazakhstan; .tr is Türkiye's at ~$15/yr, open to everyone since 2023. See “Which to pick” on this page for the full verdict.
kz-vs-tr.zh	.kz 和 .tr 怎么选？	.kz 是哈萨克斯坦国家域名、约 $12/年、要求解析服务器位于哈国境内；.tr 是土耳其国家域名、约 $15/年、2023 年起任何人可注册。完整结论见本页「怎么选」一节。
lk-vs-my.en	.lk vs .my: which should I choose?	.lk is Sri Lanka's country domain at ~$25/yr, open to anyone; .my is Malaysia's at ~$30/yr, globally open and doubling as the English word "my". See “Which to pick” on this page for the full verdict.
lk-vs-my.zh	.lk 和 .my 怎么选？	.lk 是斯里兰卡国家域名、约 $25/年、任何人可注册；.my 是马来西亚国家域名、约 $30/年、向全球开放且可读作英文 my。完整结论见本页「怎么选」一节。
london-vs-uk.en	.london vs .uk: which should I choose?	.london is the capital's official city suffix — sharpest for local businesses and tourism, about $14 then $28/yr, open worldwide; .uk is the national suffix with default UK trust and local SEO, about $6/yr flat. See “Which to pick” on this page for the full verdict.
london-vs-uk.zh	.london 和 .uk 怎么选？	.london 是伦敦官方城市后缀，本地商家与旅游项目定位最准，首年约 $14 续费约 $28/年且全球可注册；.uk 是英国国家后缀，全国信任与本地 SEO 标配，注册约 $6/年续费同价。完整结论见本页「怎么选」一节。
lt-vs-ee.en	.lt vs .ee: which should I choose?	.lt is Lithuania's country domain at ~$12/yr, open to direct registration by anyone; .ee is Estonia's at ~$12/yr, requiring non-local registrants to appoint an in-country contact (registrars arrange it). See “Which to pick” on this page for the full verdict.
lt-vs-ee.zh	.lt 和 .ee 怎么选？	.lt 是立陶宛国家域名、约 $12/年、任何人可直接注册；.ee 是爱沙尼亚国家域名、约 $12/年、非本地注册人需指定境内联系人（注册商可代办）。完整结论见本页「怎么选」一节。
lt-vs-lv.en	.lt vs .lv: which should I choose?	.lt is Lithuania's country domain at ~$12/yr, open to anyone; .lv is Latvia's at ~$19/yr, equally open. See “Which to pick” on this page for the full verdict.
lt-vs-lv.zh	.lt 和 .lv 怎么选？	.lt 是立陶宛国家域名、约 $12/年、任何人可注册；.lv 是拉脱维亚国家域名、约 $19/年、同样完全开放。完整结论见本页「怎么选」一节。
ma-vs-eg.en	.ma vs .eg: which should I choose?	.ma is Morocco's country domain at ~$30/yr, open to anyone; .eg is Egypt's at ~$90/yr, registered through accredited registrars (some cases need a local proxy). See “Which to pick” on this page for the full verdict.
ma-vs-eg.zh	.ma 和 .eg 怎么选？	.ma 是摩洛哥国家域名、约 $30/年、任何人可注册；.eg 是埃及国家域名、约 $90/年、需通过授权注册商办理（部分需本地代理）。完整结论见本页「怎么选」一节。
miami-vs-nyc.en	.miami vs .nyc: which should I choose?	.miami is Miami's official city suffix — about $19/yr flat, open worldwide, with resort and Latin-gateway energy; .nyc is New York City's official suffix at about $26/yr flat but requires an NYC address. See “Which to pick” on this page for the full verdict.
miami-vs-nyc.zh	.miami 和 .nyc 怎么选？	.miami 是迈阿密官方城市后缀，注册约 $19/年续费同价且全球可注册，度假与拉美门户气质；.nyc 是纽约市官方后缀，注册约 $26/年续费同价但要求纽约地址。完整结论见本页「怎么选」一节。
mx-vs-es.en	.mx vs .es: which should I choose?	.mx is Mexico's country domain, open to anyone, at about $13 in year one but ~$50/yr renewal; .es is Spain's at about $8 to register and $10/yr to renew, equally zero-bar. See “Which to pick” on this page for the full verdict.
mx-vs-es.zh	.mx 和 .es 怎么选？	.mx 是墨西哥国家域名、任何人可注册，首年约 $13 但续费约 $50/年；.es 是西班牙国家域名、注册约 $8、续费约 $10/年、同样零门槛。完整结论见本页「怎么选」一节。
my-vs-sg.en	.my vs .sg: which should I choose?	.my is Malaysia's country domain at about $30/yr flat, open to anyone since 2018; .sg is Singapore's at about $39/yr flat, requiring local presence (registrar proxies available). See “Which to pick” on this page for the full verdict.
my-vs-sg.zh	.my 和 .sg 怎么选？	.my 是马来西亚国家域名、约 $30/年平续、2018 年起任何人可注册；.sg 是新加坡国家域名、约 $39/年平续、需本地存在（注册商可代理）。完整结论见本页「怎么选」一节。
ng-vs-com.en	.ng vs .com: which should I choose?	.ng is Nigeria's country domain — direct registration at ~$36/yr (.com.ng ~$10/yr), open to anyone; .com is the global default at ~$10-15/yr but with good names nearly exhausted. See “Which to pick” on this page for the full verdict.
ng-vs-com.zh	.ng 和 .com 怎么选？	.ng 是尼日利亚国家域名、顶级直注约 $36/年（.com.ng 约 $10/年）、任何人可注册；.com 是全球默认商业后缀、约 $10-15/年但好名字几乎注光。完整结论见本页「怎么选」一节。
nl-vs-de.en	.nl vs .de: which should I choose?	.nl is the world's third-largest ccTLD with top per-capita penetration at about $9 to register and $10/yr to renew, open to anyone (Dutch contact address required); .de is Europe's largest ccTLD (18 million names as of June 2026, per DENIC) at about $8/yr flat. See “Which to pick” on this page for the full verdict.
nl-vs-de.zh	.nl 和 .de 怎么选？	.nl 是全球第三大 ccTLD、荷兰渗透率极高，注册约 $9、续费约 $10/年，任何人可注册（需荷兰联系地址）；.de 是欧洲最大的 ccTLD（2026-06 突破 1,800 万，DENIC）、约 $8/年平续。完整结论见本页「怎么选」一节。
no-vs-dk.en	.no vs .dk: which should I choose?	.no is Norway's country domain at about $15/yr flat, requiring a Norwegian-registered organization; .dk is Denmark's at about $12/yr flat, open to anyone with registry ID validation. See “Which to pick” on this page for the full verdict.
no-vs-dk.zh	.no 和 .dk 怎么选？	.no 是挪威国家域名、约 $15/年平续、需挪威登记组织才能持有；.dk 是丹麦国家域名、约 $12/年平续、任何人可注册（需身份验证）。完整结论见本页「怎么选」一节。
nyc-vs-us.en	.nyc vs .us: which should I choose?	.nyc is New York City's official suffix — sharpest for local businesses and New Yorker content, about $26/yr flat with an NYC-address requirement; .us covers the whole country at bottom-tier prices, with the "us" phrase trick as a bonus. See “Which to pick” on this page for the full verdict.
nyc-vs-us.zh	.nyc 和 .us 怎么选？	.nyc 是纽约市官方后缀，本地商家与纽约客内容定位最准，注册约 $26/年续费同价但要求纽约地址；.us 覆盖全美且价格最便宜一档，还能玩「与我们」的短语梗。完整结论见本页「怎么选」一节。
nz-vs-au.en	.nz vs .au: which should I choose?	.nz is New Zealand's country domain at about $20/yr flat, open to anyone, with a pure-New-Zealand halo; .au is Australia's at about $12/yr flat, gated by Australian presence rules, with direct registration only since 2022. See “Which to pick” on this page for the full verdict.
nz-vs-au.zh	.nz 和 .au 怎么选？	.nz 是新西兰国家域名、约 $20/年平续、任何人可注册，自带纯净新西兰联想；.au 是澳大利亚国家域名、约 $12/年平续、需澳大利亚存在资格、2022 年才开放直注。完整结论见本页「怎么选」一节。
paris-vs-london.en	.paris vs .london: which should I choose?	.paris is held by the City of Paris itself, about $49/yr flat; .london is London's official city suffix at about $14 first year then $28/yr. See “Which to pick” on this page for the full verdict.
paris-vs-london.zh	.paris 和 .london 怎么选？	.paris 由巴黎市政府直接持有，注册约 $49/年续费同价；.london 是伦敦官方城市后缀，首年约 $14 续费约 $28/年。完整结论见本页「怎么选」一节。
pe-vs-cl.en	.pe vs .cl: which should I choose?	.pe is Peru's country domain at ~$50/yr, open to anyone with no restrictions; .cl is Chile's at ~$18/yr, requiring a local Chilean contact (registrars provide one). See “Which to pick” on this page for the full verdict.
pe-vs-cl.zh	.pe 和 .cl 怎么选？	.pe 是秘鲁国家域名、约 $50/年、无资格限制任何人可注册；.cl 是智利国家域名、约 $18/年、需智利本地联系人（注册商可代办）。完整结论见本页「怎么选」一节。
ph-vs-sg.en	.ph vs .sg: which should I choose?	.ph is the Philippines' country domain, open to anyone at about $55/yr flat; .sg is Singapore's at about $39/yr flat, requiring local presence (registrar proxies available). See “Which to pick” on this page for the full verdict.
ph-vs-sg.zh	.ph 和 .sg 怎么选？	.ph 是菲律宾国家域名、任何人可注册、约 $55/年平续；.sg 是新加坡国家域名、约 $39/年平续、需本地存在（注册商可代理）。完整结论见本页「怎么选」一节。
pk-vs-in.en	.pk vs .in: which should I choose?	.pk is Pakistan's country domain at ~$28 per two years (≈¥100/yr), open to anyone; .in is India's at ~$10/yr, fully open and doubling as the English preposition "in". See “Which to pick” on this page for the full verdict.
pk-vs-in.zh	.pk 和 .in 怎么选？	.pk 是巴基斯坦国家域名、约 $28/两年（合每年约 ¥100）、任何人可注册；.in 是印度国家域名、约 $10/年、完全开放且兼具介词 in 的语义梗。完整结论见本页「怎么选」一节。
pl-vs-eu.en	.pl vs .eu: which should I choose?	.pl is Central Europe's largest ccTLD, open to anyone, at about $6 in year one but ~$25/yr renewal; .eu is the EU's official domain covering all of Europe but requiring EU/EEA eligibility, at about $8 to register and $10/yr to renew. See “Which to pick” on this page for the full verdict.
pl-vs-eu.zh	.pl 和 .eu 怎么选？	.pl 是中东欧最大 ccTLD、任何人可注册，首年约 $6 但续费约 $25/年；.eu 是欧盟官方域名、覆盖全欧但需欧盟/EEA 资格，注册约 $8、续费约 $10/年。完整结论见本页「怎么选」一节。
qa-vs-ae.en	.qa vs .ae: which should I choose?	.qa is Qatar's country domain at ~$35/yr, open to anyone; .ae is the UAE's at ~$35/yr, equally open. See “Which to pick” on this page for the full verdict.
qa-vs-ae.zh	.qa 和 .ae 怎么选？	.qa 是卡塔尔国家域名、约 $35/年、任何人可注册；.ae 是阿联酋国家域名、约 $35/年、同样开放。完整结论见本页「怎么选」一节。
rehab-vs-care.en	.rehab vs .care: which should I choose?	.rehab names the recovery process — sharpest for physical therapy and addiction recovery, about $8 then $29/yr; .care names the caring relationship, fitting senior, home and mental-health services, about $12 then $36/yr. See “Which to pick” on this page for the full verdict.
rehab-vs-care.zh	.rehab 和 .care 怎么选？	.rehab 说康复过程，物理治疗与戒瘾康复定位最准，首年约 $8 续费约 $29/年；.care 说照护关系，养老、居家与心理健康服务通用，注册约 $12 续费约 $36/年。完整结论见本页「怎么选」一节。
ro-vs-pl.en	.ro vs .pl: which should I choose?	.ro is Romania's country domain at about $13/yr flat, open to anyone; .pl is Poland's at about $6 in year one but ~$25/yr renewal, equally zero-bar. See “Which to pick” on this page for the full verdict.
ro-vs-pl.zh	.ro 和 .pl 怎么选？	.ro 是罗马尼亚国家域名、约 $13/年平续、任何人可注册；.pl 是波兰国家域名、首年约 $6 但续费约 $25/年、同样零门槛。完整结论见本页「怎么选」一节。
rs-vs-io.en	.rs vs .io: which should I choose?	.rs is Serbia's country domain at ~$25/yr and happens to be the Rust source-file extension — the Rust community's identity badge; .io is the developer world's generic suffix, pricier but more widely recognized. See “Which to pick” on this page for the full verdict.
rs-vs-io.zh	.rs 和 .io 怎么选？	.rs 是塞尔维亚国家域名、约 $25/年，恰好是 Rust 源文件扩展名、是 Rust 社区的身份标识；.io 是开发者圈的通用后缀、注册续费更贵但认知度更广。完整结论见本页「怎么选」一节。
sa-vs-ae.en	.sa vs .ae: which should I choose?	.sa is Saudi Arabia's country domain at ~$55/yr, requiring a Saudi commercial registration or trademark; .ae is the UAE's at ~$35/yr, open to anyone. See “Which to pick” on this page for the full verdict.
sa-vs-ae.zh	.sa 和 .ae 怎么选？	.sa 是沙特国家域名、约 $55/年、注册需沙特商业登记或注册商标；.ae 是阿联酋国家域名、约 $35/年、任何人可注册。完整结论见本页「怎么选」一节。
se-vs-com.en	.se vs .com: which should I choose?	.se is Sweden's country domain with a Stockholm-innovation halo at about $15/yr flat, open to anyone; .com is the internet's default suffix at the $10-12/yr tier. See “Which to pick” on this page for the full verdict.
se-vs-com.zh	.se 和 .com 怎么选？	.se 是瑞典国家域名、自带斯德哥尔摩创新圈联想，约 $15/年平续、任何人可注册；.com 是全球认知度最高的默认后缀、$10-12/年档。完整结论见本页「怎么选」一节。
sg-vs-asia.en	.sg vs .asia: which should I choose?	.sg is Singapore's country domain with compliance connotations across Southeast Asian business circles at about $39/yr flat, local presence required; .asia is the official Asia-Pacific suffix at about $12/yr flat. See “Which to pick” on this page for the full verdict.
sg-vs-asia.zh	.sg 和 .asia 怎么选？	.sg 是新加坡国家域名、在东南亚商圈自带合规与专业联想，约 $39/年平续、需本地存在；.asia 是亚太区域的官方后缀、约 $12/年平续。完整结论见本页「怎么选」一节。
sk-vs-cz.en	.sk vs .cz: which should I choose?	.sk is Slovakia's country domain at about $14/yr flat, open to anyone since 2017; .cz is Czechia's at about $10/yr flat, equally zero-bar. See “Which to pick” on this page for the full verdict.
sk-vs-cz.zh	.sk 和 .cz 怎么选？	.sk 是斯洛伐克国家域名、约 $14/年平续、2017 年起任何人可注册；.cz 是捷克国家域名、约 $10/年平续、同样零门槛。完整结论见本页「怎么选」一节。
th-vs-vn.en	.th vs .vn: which should I choose?	.th is Thailand's country domain — direct registration needs a matching Thai trademark at ~$60/yr (.co.th ~$25/yr); .vn is Vietnam's at about $40/yr flat, open to foreign registrants. See “Which to pick” on this page for the full verdict.
th-vs-vn.zh	.th 和 .vn 怎么选？	.th 是泰国国家域名、顶级直注需泰国商标且约 $60/年（.co.th 约 $25/年）；.vn 是越南国家域名、约 $40/年平续、对外国注册人开放。完整结论见本页「怎么选」一节。
tienda-vs-shop.en	.tienda vs .shop: which should I choose?	.tienda is Spanish for shop — sharpest for Spanish-speaking customers at about $50/yr flat; .shop is the most recognized e-commerce suffix worldwide, cheap year one with notably higher renewals. See “Which to pick” on this page for the full verdict.
tienda-vs-shop.zh	.tienda 和 .shop 怎么选？	.tienda 是西班牙语「商店」后缀，西语客群定位最准，注册约 $50/年续费同价；.shop 是全球认知最成熟的电商后缀，首年常有低价促销但续费明显更高。完整结论见本页「怎么选」一节。
tires-vs-autos.en	.tires vs .autos: which should I choose?	.tires writes one high-intent category into the address — sharpest for local tire shops, with flat pricing; .autos names the whole car business at about $2 year one, the only cheap hold in the vertical. See “Which to pick” on this page for the full verdict.
tires-vs-autos.zh	.tires 和 .autos 怎么选？	.tires 把轮胎品类写进域名，本地轮胎店与轮胎电商定位最准，注册续费同价；.autos 说汽车生意全域，首年约 $2 的汽车垂类唯一平价款。完整结论见本页「怎么选」一节。
tokyo-vs-asia.en	.tokyo vs .asia: which should I choose?	.tokyo is Tokyo's official city suffix — sharpest for local businesses and the Japanese market, about $14/yr flat, open worldwide; .asia scopes the whole Asia-Pacific at about $12/yr flat but requires an APAC contact. See “Which to pick” on this page for the full verdict.
tokyo-vs-asia.zh	.tokyo 和 .asia 怎么选？	.tokyo 是东京官方城市后缀，本地商家与日本市场定位最准，注册约 $14/年续费同价且全球可注册；.asia 覆盖整个亚太区域，注册约 $12/年续费同价但要求亚太联系人。完整结论见本页「怎么选」一节。
tr-vs-ae.en	.tr vs .ae: which should I choose?	.tr is Türkiye's country domain at about $15/yr flat, open to everyone since 2023; .ae is the UAE's at about $35/yr flat, equally zero-bar. See “Which to pick” on this page for the full verdict.
tr-vs-ae.zh	.tr 和 .ae 怎么选？	.tr 是土耳其国家域名、约 $15/年平续、2023 年起任何人可直注；.ae 是阿联酋国家域名、约 $35/年平续、同样零门槛。完整结论见本页「怎么选」一节。
tw-vs-hk.en	.tw vs .hk: which should I choose?	.tw is Taiwan's regional domain with a "made in Taiwan" tech halo at about $28/yr flat, open to anyone; .hk is Hong Kong's regional domain at about $25/yr flat with zero-bar registration, radiating across the Greater Bay Area and international circles. See “Which to pick” on this page for the full verdict.
tw-vs-hk.zh	.tw 和 .hk 怎么选？	.tw 是台湾地区域名、自带「台湾制造」科技联想，约 $28/年平续、任何人可注册；.hk 是香港地区域名、约 $25/年平续、零门槛注册，面向大湾区与国际商圈。完整结论见本页「怎么选」一节。
ua-vs-pl.en	.ua vs .pl: which should I choose?	.ua is Ukraine's country domain — direct registration needs a Ukrainian trademark at ~$18/yr (.com.ua ~$8/yr is open to all); .pl is Poland's at about $6 in year one but ~$25/yr renewal, open to anyone. See “Which to pick” on this page for the full verdict.
ua-vs-pl.zh	.ua 和 .pl 怎么选？	.ua 是乌克兰国家域名、顶级直注需乌克兰商标且约 $18/年（.com.ua 约 $8/年开放注册）；.pl 是波兰国家域名、首年约 $6 但续费约 $25/年、任何人可注册。完整结论见本页「怎么选」一节。
university-vs-education.en	.university vs .education: which should I choose?	.university names the highest institutional tier — sharpest for corporate universities and admissions pages, about $50/yr flat; .education names the whole industry, fitting platforms, content and services alike. See “Which to pick” on this page for the full verdict.
university-vs-education.zh	.university 和 .education 怎么选？	.university 说「大学」这个最高机构层级，企业大学与国际招生页定位最准，注册约 $50/年续费同价；.education 说教育行业全域，机构、平台与内容站通用。完整结论见本页「怎么选」一节。
uy-vs-ar.en	.uy vs .ar: which should I choose?	.uy is Uruguay's country domain at ~$53/yr with direct second-level registration open to anyone; .ar is Argentina's at ~$36/yr, open to non-residents only after notarized/certified identity documents pass manual verification. See “Which to pick” on this page for the full verdict.
uy-vs-ar.zh	.uy 和 .ar 怎么选？	.uy 是乌拉圭国家域名、约 $53/年、顶级直注任何人可注册；.ar 是阿根廷国家域名、约 $36/年、非居民可注册但需公证/认证文件人工验证。完整结论见本页「怎么选」一节。
vegas-vs-casino.en	.vegas vs .casino: which should I choose?	.vegas is Las Vegas's city suffix — sharpest for local and tourism brands at about $53/yr flat; .casino names the gambling category with renewals around $129/yr, among the steepest anywhere. See “Which to pick” on this page for the full verdict.
vegas-vs-casino.zh	.vegas 和 .casino 怎么选？	.vegas 是拉斯维加斯的城市后缀，本地与旅游娱乐定位最准，注册约 $53/年续费同价；.casino 是博彩品类词，续费约 $129/年居全站前列。完整结论见本页「怎么选」一节。
vin-vs-wine.en	.vin vs .wine: which should I choose?	.vin is French for wine — sharpest for French estates and French-styled brands, about $48/yr flat; .wine speaks plainly to the English mass market, the general suffix for wine commerce and content. See “Which to pick” on this page for the full verdict.
vin-vs-wine.zh	.vin 和 .wine 怎么选？	.vin 是法语「葡萄酒」，法国酒庄与法式品牌定位最准，注册约 $48/年续费同价；.wine 面向英语大众市场，酒类电商与内容站的通用后缀。完整结论见本页「怎么选」一节。
vn-vs-id.en	.vn vs .id: which should I choose?	.vn is Vietnam's country domain at about $40/yr flat, open to foreign registrants; .id is Indonesia's, open to anyone, at about $8 in year one but ~$30/yr renewal. See “Which to pick” on this page for the full verdict.
vn-vs-id.zh	.vn 和 .id 怎么选？	.vn 是越南国家域名、约 $40/年平续、对外国注册人开放；.id 是印尼国家域名、任何人可注册、首年约 $8 但续费约 $30/年。完整结论见本页「怎么选」一节。
za-vs-ng.en	.za vs .ng: which should I choose?	.za is South Africa's country domain — the mainstream .co.za form ~$8/yr, open to anyone; .ng is Nigeria's — direct ~$36/yr (.com.ng ~$10/yr), equally open. See “Which to pick” on this page for the full verdict.
za-vs-ng.zh	.za 和 .ng 怎么选？	.za 是南非国家域名、主流形态 .co.za 约 $8/年、任何人可注册；.ng 是尼日利亚国家域名、顶级直注约 $36/年（.com.ng 约 $10/年）、同样开放。完整结论见本页「怎么选」一节。