path,lang,bodyWords,proseWords,linkShare
/vs/abogado-vs-lawyer,en,829,681,0.1785
/vs/abogado-vs-lawyer,zh,1287,1095,0.1492
/vs/academy-vs-coach,en,931,762,0.1815
/vs/academy-vs-coach,zh,1432,1210,0.1550
/vs/academy-vs-school,en,877,711,0.1893
/vs/academy-vs-school,zh,1360,1143,0.1596
/vs/accountants-vs-tax,en,740,593,0.1986
/vs/accountants-vs-tax,zh,1171,978,0.1648
/vs/actor-vs-studio,en,777,630,0.1892
/vs/actor-vs-studio,zh,1211,1014,0.1627
/vs/agency-vs-co,en,894,728,0.1857
/vs/agency-vs-co,zh,1419,1199,0.1550
/vs/ai-vs-app,en,863,699,0.1900
/vs/ai-vs-app,zh,1276,1061,0.1685
/vs/ai-vs-dev,en,722,559,0.2258
/vs/ai-vs-dev,zh,1135,919,0.1903
/vs/ai-vs-tech,en,813,649,0.2017
/vs/ai-vs-tech,zh,1212,996,0.1782
/vs/amsterdam-vs-berlin,en,776,629,0.1894
/vs/amsterdam-vs-berlin,zh,1272,1077,0.1533
/vs/apartments-vs-house,en,663,499,0.2474
/vs/apartments-vs-house,zh,1020,808,0.2078
/vs/apartments-vs-rentals,en,663,521,0.2142
/vs/apartments-vs-rentals,zh,1019,825,0.1904
/vs/app-vs-dev,en,718,554,0.2284
/vs/app-vs-dev,zh,1136,921,0.1893
/vs/app-vs-io,en,668,505,0.2440
/vs/app-vs-io,zh,1022,806,0.2114
/vs/app-vs-site,en,671,505,0.2474
/vs/app-vs-site,zh,1043,823,0.2109
/vs/ar-vs-cl,en,731,578,0.2093
/vs/ar-vs-cl,zh,1173,972,0.1714
/vs/art-vs-design,en,735,586,0.2027
/vs/art-vs-design,zh,1122,920,0.1800
/vs/art-vs-studio,en,622,473,0.2395
/vs/art-vs-studio,zh,971,770,0.2070
/vs/asia-vs-global,en,811,656,0.1911
/vs/asia-vs-global,zh,1281,1078,0.1585
/vs/associates-vs-partners,en,759,614,0.1910
/vs/associates-vs-partners,zh,1163,974,0.1625
/vs/at-vs-de,en,733,575,0.2156
/vs/at-vs-de,zh,1128,924,0.1809
/vs/attorney-vs-lawyer,en,725,575,0.2069
/vs/attorney-vs-lawyer,zh,1170,973,0.1684
/vs/au-vs-com,en,695,530,0.2374
/vs/au-vs-com,zh,1104,890,0.1938
/vs/auction-vs-market,en,760,606,0.2026
/vs/auction-vs-market,zh,1213,1007,0.1698
/vs/audio-vs-fm,en,728,608,0.1648
/vs/audio-vs-fm,zh,1116,949,0.1496
/vs/autos-vs-repair,en,784,622,0.2066
/vs/autos-vs-repair,zh,1204,992,0.1761
/vs/baby-vs-store,en,686,518,0.2449
/vs/baby-vs-store,zh,1051,831,0.2093
/vs/band-vs-fm,en,621,499,0.1965
/vs/band-vs-fm,zh,949,779,0.1791
/vs/bar-vs-cafe,en,813,644,0.2079
/vs/bar-vs-cafe,zh,1328,1107,0.1664
/vs/bargains-vs-deals,en,764,614,0.1963
/vs/bargains-vs-deals,zh,1170,971,0.1701
/vs/basketball-vs-team,en,723,564,0.2199
/vs/basketball-vs-team,zh,1141,927,0.1876
/vs/be-vs-nl,en,747,601,0.1954
/vs/be-vs-nl,zh,1143,951,0.1680
/vs/beauty-vs-salon,en,734,574,0.2180
/vs/beauty-vs-salon,zh,1113,902,0.1896
/vs/beer-vs-pub,en,744,597,0.1976
/vs/beer-vs-pub,zh,1166,970,0.1681
/vs/berlin-vs-city,en,750,583,0.2227
/vs/berlin-vs-city,zh,1182,965,0.1836
/vs/bet-vs-poker,en,793,637,0.1967
/vs/bet-vs-poker,zh,1234,1028,0.1669
/vs/bike-vs-fitness,en,731,572,0.2175
/vs/bike-vs-fitness,zh,1112,906,0.1853
/vs/bio-vs-me,en,667,503,0.2459
/vs/bio-vs-me,zh,1100,884,0.1964
/vs/biz-vs-com,en,696,526,0.2443
/vs/biz-vs-com,zh,1051,831,0.2093
/vs/black-vs-gold,en,622,477,0.2331
/vs/black-vs-gold,zh,1054,865,0.1793
/vs/blog-vs-com,en,834,667,0.2002
/vs/blog-vs-com,zh,1259,1041,0.1732
/vs/blog-vs-me,en,694,528,0.2392
/vs/blog-vs-me,zh,1020,800,0.2157
/vs/blue-vs-red,en,625,478,0.2352
/vs/blue-vs-red,zh,961,767,0.2019
/vs/boats-vs-travel,en,791,622,0.2137
/vs/boats-vs-travel,zh,1256,1034,0.1768
/vs/bond-vs-finance,en,775,642,0.1716
/vs/bond-vs-finance,zh,1276,1099,0.1387
/vs/boston-vs-city,en,815,652,0.2000
/vs/boston-vs-city,zh,1335,1124,0.1581
/vs/boutique-vs-shop,en,963,794,0.1755
/vs/boutique-vs-shop,zh,1439,1218,0.1536
/vs/br-vs-mx,en,801,649,0.1898
/vs/br-vs-mx,zh,1218,1020,0.1626
/vs/br-vs-pt,en,756,609,0.1944
/vs/br-vs-pt,zh,1159,964,0.1682
/vs/builders-vs-construction,en,658,508,0.2280
/vs/builders-vs-construction,zh,1026,825,0.1959
/vs/business-vs-company,en,751,601,0.1997
/vs/business-vs-company,zh,1167,971,0.1680
/vs/buzz-vs-promo,en,817,666,0.1848
/vs/buzz-vs-promo,zh,1290,1090,0.1550
/vs/ca-vs-us,en,734,586,0.2016
/vs/ca-vs-us,zh,1159,967,0.1657
/vs/cafe-vs-shop,en,836,665,0.2045
/vs/cafe-vs-shop,zh,1266,1045,0.1746
/vs/camera-vs-photography,en,672,540,0.1964
/vs/camera-vs-photography,zh,1080,902,0.1648
/vs/camp-vs-courses,en,730,582,0.2027
/vs/camp-vs-courses,zh,1187,995,0.1618
/vs/capital-vs-fund,en,667,540,0.1904
/vs/capital-vs-fund,zh,1012,841,0.1690
/vs/care-vs-doctor,en,656,492,0.2500
/vs/care-vs-doctor,zh,1040,827,0.2048
/vs/careers-vs-work,en,758,609,0.1966
/vs/careers-vs-work,zh,1214,1015,0.1639
/vs/casa-vs-house,en,820,664,0.1902
/vs/casa-vs-house,zh,1281,1079,0.1577
/vs/cash-vs-money,en,588,464,0.2109
/vs/cash-vs-money,zh,935,767,0.1797
/vs/casino-vs-bet,en,801,644,0.1960
/vs/casino-vs-bet,zh,1253,1046,0.1652
/vs/catering-vs-restaurant,en,739,575,0.2219
/vs/catering-vs-restaurant,zh,1139,926,0.1870
/vs/cc-vs-com,en,678,513,0.2434
/vs/cc-vs-com,zh,999,785,0.2142
/vs/cc-vs-tv,en,797,645,0.1907
/vs/cc-vs-tv,zh,1204,1002,0.1678
/vs/center-vs-club,en,821,654,0.2034
/vs/center-vs-club,zh,1233,1012,0.1792
/vs/ch-vs-de,en,781,623,0.2023
/vs/ch-vs-de,zh,1186,982,0.1720
/vs/chat-vs-app,en,895,730,0.1844
/vs/chat-vs-app,zh,1322,1107,0.1626
/vs/cheap-vs-discount,en,741,589,0.2051
/vs/cheap-vs-discount,zh,1125,921,0.1813
/vs/church-vs-community,en,731,581,0.2052
/vs/church-vs-community,zh,1142,946,0.1716
/vs/city-vs-world,en,823,652,0.2078
/vs/city-vs-world,zh,1257,1036,0.1758
/vs/cl-vs-mx,en,781,626,0.1985
/vs/cl-vs-mx,zh,1249,1048,0.1609
/vs/cleaning-vs-services,en,744,586,0.2124
/vs/cleaning-vs-services,zh,1173,966,0.1765
/vs/click-vs-link,en,594,465,0.2172
/vs/click-vs-link,zh,916,740,0.1921
/vs/clinic-vs-care,en,675,506,0.2504
/vs/clinic-vs-care,zh,1042,822,0.2111
/vs/clothing-vs-fashion,en,689,551,0.2003
/vs/clothing-vs-fashion,zh,1079,892,0.1733
/vs/cloud-vs-online,en,728,564,0.2253
/vs/cloud-vs-online,zh,1112,900,0.1906
/vs/cloud-vs-tech,en,704,541,0.2315
/vs/cloud-vs-tech,zh,1077,865,0.1968
/vs/club-vs-gg,en,722,555,0.2313
/vs/club-vs-gg,zh,1119,898,0.1975
/vs/cn-vs-top,en,845,679,0.1964
/vs/cn-vs-top,zh,1325,1106,0.1653
/vs/co-vs-me,en,733,586,0.2005
/vs/co-vs-me,zh,1131,931,0.1768
/vs/coach-vs-expert,en,858,690,0.1958
/vs/coach-vs-expert,zh,1374,1151,0.1623
/vs/codes-vs-dev,en,813,649,0.2017
/vs/codes-vs-dev,zh,1358,1141,0.1598
/vs/coffee-vs-cafe,en,695,529,0.2388
/vs/coffee-vs-cafe,zh,1039,825,0.2060
/vs/college-vs-academy,en,770,609,0.2091
/vs/college-vs-academy,zh,1245,1035,0.1687
/vs/com-vs-ai,en,767,601,0.2164
/vs/com-vs-ai,zh,1134,916,0.1922
/vs/com-vs-app,en,762,596,0.2178
/vs/com-vs-app,zh,1135,917,0.1921
/vs/com-vs-cn,en,735,567,0.2286
/vs/com-vs-cn,zh,1150,929,0.1922
/vs/com-vs-co,en,789,641,0.1876
/vs/com-vs-co,zh,1238,1038,0.1616
/vs/com-vs-dev,en,729,563,0.2277
/vs/com-vs-dev,zh,1098,880,0.1985
/vs/com-vs-io,en,729,563,0.2277
/vs/com-vs-io,zh,1106,888,0.1971
/vs/com-vs-me,en,709,561,0.2087
/vs/com-vs-me,zh,1107,909,0.1789
/vs/com-vs-net,en,700,551,0.2129
/vs/com-vs-net,zh,1056,857,0.1884
/vs/com-vs-org,en,795,647,0.1862
/vs/com-vs-org,zh,1181,981,0.1693
/vs/com-vs-top,en,650,503,0.2262
/vs/com-vs-top,zh,1053,857,0.1861
/vs/com-vs-travel,en,910,743,0.1835
/vs/com-vs-travel,zh,1429,1212,0.1519
/vs/com-vs-xyz,en,684,535,0.2178
/vs/com-vs-xyz,zh,1076,877,0.1849
/vs/community-vs-club,en,679,512,0.2459
/vs/community-vs-club,zh,1069,848,0.2067
/vs/company-vs-group,en,673,514,0.2363
/vs/company-vs-group,zh,1052,847,0.1949
/vs/computer-vs-tech,en,688,525,0.2369
/vs/computer-vs-tech,zh,1082,870,0.1959
/vs/condos-vs-apartments,en,764,638,0.1649
/vs/condos-vs-apartments,zh,1224,1052,0.1405
/vs/consulting-vs-expert,en,665,504,0.2421
/vs/consulting-vs-expert,zh,1029,820,0.2031
/vs/contractors-vs-construction,en,752,601,0.2008
/vs/contractors-vs-construction,zh,1199,992,0.1726
/vs/cooking-vs-recipes,en,728,581,0.2019
/vs/cooking-vs-recipes,zh,1123,930,0.1719
/vs/cool-vs-fun,en,853,685,0.1970
/vs/cool-vs-fun,zh,1283,1062,0.1723
/vs/courses-vs-academy,en,734,567,0.2275
/vs/courses-vs-academy,zh,1186,970,0.1821
/vs/credit-vs-finance,en,630,497,0.2111
/vs/credit-vs-finance,zh,1005,828,0.1761
/vs/cricket-vs-club,en,768,601,0.2174
/vs/cricket-vs-club,zh,1208,987,0.1829
/vs/cruises-vs-travel,en,764,597,0.2186
/vs/cruises-vs-travel,zh,1199,979,0.1835
/vs/cyou-vs-fun,en,831,665,0.1998
/vs/cyou-vs-fun,zh,1284,1066,0.1698
/vs/cz-vs-pl,en,780,621,0.2038
/vs/cz-vs-pl,zh,1172,965,0.1766
/vs/dad-vs-blog,en,699,543,0.2232
/vs/dad-vs-blog,zh,1037,835,0.1948
/vs/dance-vs-studio,en,712,546,0.2331
/vs/dance-vs-studio,zh,1112,894,0.1960
/vs/dating-vs-love,en,786,630,0.1985
/vs/dating-vs-love,zh,1194,991,0.1700
/vs/day-vs-life,en,819,656,0.1990
/vs/day-vs-life,zh,1259,1046,0.1692
/vs/day-vs-today,en,748,621,0.1698
/vs/day-vs-today,zh,1153,982,0.1483
/vs/de-vs-com,en,689,524,0.2395
/vs/de-vs-com,zh,1079,865,0.1983
/vs/de-vs-eu,en,789,629,0.2028
/vs/de-vs-eu,zh,1206,1002,0.1692
/vs/deals-vs-coupons,en,778,630,0.1902
/vs/deals-vs-coupons,zh,1200,1006,0.1617
/vs/degree-vs-education,en,725,574,0.2083
/vs/degree-vs-education,zh,1147,951,0.1709
/vs/delivery-vs-express,en,740,587,0.2068
/vs/delivery-vs-express,zh,1128,926,0.1791
/vs/dental-vs-doctor,en,647,499,0.2287
/vs/dental-vs-doctor,zh,1023,831,0.1877
/vs/dentist-vs-dental,en,719,573,0.2031
/vs/dentist-vs-dental,zh,1145,952,0.1686
/vs/dev-vs-tech,en,822,658,0.1995
/vs/dev-vs-tech,zh,1251,1034,0.1735
/vs/diamonds-vs-jewelry,en,726,581,0.1997
/vs/diamonds-vs-jewelry,zh,1135,946,0.1665
/vs/digital-vs-tech,en,818,655,0.1993
/vs/digital-vs-tech,zh,1253,1041,0.1692
/vs/discount-vs-sale,en,764,613,0.1976
/vs/discount-vs-sale,zh,1186,989,0.1661
/vs/dk-vs-se,en,789,636,0.1939
/vs/dk-vs-se,zh,1223,1022,0.1643
/vs/dog-vs-pet,en,675,516,0.2356
/vs/dog-vs-pet,zh,1012,801,0.2085
/vs/domains-vs-tools,en,760,618,0.1868
/vs/domains-vs-tools,zh,1201,1015,0.1549
/vs/earth-vs-world,en,681,519,0.2379
/vs/earth-vs-world,zh,1026,810,0.2105
/vs/eco-vs-earth,en,697,545,0.2181
/vs/eco-vs-earth,zh,1094,891,0.1856
/vs/education-vs-academy,en,709,539,0.2398
/vs/education-vs-academy,zh,1098,878,0.2004
/vs/ee-vs-fi,en,740,587,0.2068
/vs/ee-vs-fi,zh,1140,939,0.1763
/vs/eg-vs-sa,en,718,568,0.2089
/vs/eg-vs-sa,zh,1081,883,0.1832
/vs/email-vs-cloud,en,782,628,0.1969
/vs/email-vs-cloud,zh,1235,1037,0.1603
/vs/email-vs-net,en,864,708,0.1806
/vs/email-vs-net,zh,1347,1146,0.1492
/vs/energy-vs-solar,en,688,536,0.2209
/vs/energy-vs-solar,zh,1049,846,0.1935
/vs/engineer-vs-engineering,en,729,579,0.2058
/vs/engineer-vs-engineering,zh,1150,953,0.1713
/vs/engineering-vs-dev,en,705,538,0.2369
/vs/engineering-vs-dev,zh,1055,834,0.2095
/vs/engineering-vs-tech,en,693,525,0.2424
/vs/engineering-vs-tech,zh,1047,827,0.2101
/vs/equipment-vs-rentals,en,785,623,0.2064
/vs/equipment-vs-rentals,zh,1240,1022,0.1758
/vs/es-vs-eu,en,785,633,0.1936
/vs/es-vs-eu,zh,1227,1029,0.1614
/vs/estate-vs-land,en,605,466,0.2298
/vs/estate-vs-land,zh,961,773,0.1956
/vs/events-vs-live,en,678,511,0.2463
/vs/events-vs-live,zh,1062,843,0.2062
/vs/expert-vs-pro,en,901,735,0.1842
/vs/expert-vs-pro,zh,1359,1139,0.1619
/vs/express-vs-store,en,687,518,0.2460
/vs/express-vs-store,zh,1012,790,0.2194
/vs/family-vs-com,en,914,747,0.1827
/vs/family-vs-com,zh,1437,1218,0.1524
/vs/family-vs-life,en,729,561,0.2305
/vs/family-vs-life,zh,1128,908,0.1950
/vs/fan-vs-club,en,772,605,0.2163
/vs/fan-vs-club,zh,1199,977,0.1852
/vs/fans-vs-fan,en,874,725,0.1705
/vs/fans-vs-fan,zh,1352,1154,0.1464
/vs/farm-vs-cafe,en,696,527,0.2428
/vs/farm-vs-cafe,zh,1041,820,0.2123
/vs/fashion-vs-style,en,671,530,0.2101
/vs/fashion-vs-style,zh,1057,867,0.1798
/vs/fi-vs-se,en,815,659,0.1914
/vs/fi-vs-se,zh,1247,1043,0.1636
/vs/finance-vs-com,en,819,654,0.2015
/vs/finance-vs-com,zh,1282,1068,0.1669
/vs/fish-vs-fishing,en,767,618,0.1943
/vs/fish-vs-fishing,zh,1183,985,0.1674
/vs/fishing-vs-boats,en,759,606,0.2016
/vs/fishing-vs-boats,zh,1163,960,0.1745
/vs/fit-vs-fitness,en,688,529,0.2311
/vs/fit-vs-fitness,zh,1086,874,0.1952
/vs/fitness-vs-coach,en,678,508,0.2507
/vs/fitness-vs-coach,zh,1026,805,0.2154
/vs/flights-vs-travel,en,686,521,0.2405
/vs/flights-vs-travel,zh,1098,883,0.1958
/vs/florist-vs-garden,en,753,597,0.2072
/vs/florist-vs-garden,zh,1169,963,0.1762
/vs/flowers-vs-florist,en,772,625,0.1904
/vs/flowers-vs-florist,zh,1201,1008,0.1607
/vs/fm-vs-tv,en,620,484,0.2194
/vs/fm-vs-tv,zh,973,784,0.1942
/vs/food-vs-restaurant,en,743,578,0.2221
/vs/food-vs-restaurant,zh,1133,914,0.1933
/vs/football-vs-team,en,705,542,0.2312
/vs/football-vs-team,zh,1109,893,0.1948
/vs/forum-vs-community,en,721,601,0.1664
/vs/forum-vs-community,zh,1140,974,0.1456
/vs/foundation-vs-org,en,833,676,0.1885
/vs/foundation-vs-org,zh,1279,1069,0.1642
/vs/fr-vs-com,en,696,530,0.2385
/vs/fr-vs-com,zh,1087,870,0.1996
/vs/fun-vs-club,en,765,598,0.2183
/vs/fun-vs-club,zh,1110,887,0.2009
/vs/fun-vs-games,en,870,702,0.1931
/vs/fun-vs-games,zh,1341,1119,0.1655
/vs/fund-vs-finance,en,598,462,0.2274
/vs/fund-vs-finance,zh,932,752,0.1931
/vs/furniture-vs-boutique,en,790,632,0.2000
/vs/furniture-vs-boutique,zh,1264,1056,0.1646
/vs/futbol-vs-soccer,en,814,662,0.1867
/vs/futbol-vs-soccer,zh,1254,1051,0.1619
/vs/fyi-vs-info,en,688,530,0.2297
/vs/fyi-vs-info,zh,1064,857,0.1945
/vs/gallery-vs-art,en,648,502,0.2253
/vs/gallery-vs-art,zh,1008,808,0.1984
/vs/games-vs-gg,en,859,693,0.1932
/vs/games-vs-gg,zh,1272,1051,0.1737
/vs/garden-vs-farm,en,673,515,0.2348
/vs/garden-vs-farm,zh,1068,858,0.1966
/vs/ge-vs-tr,en,701,548,0.2183
/vs/ge-vs-tr,zh,1119,918,0.1796
/vs/gg-vs-tv,en,728,561,0.2294
/vs/gg-vs-tv,zh,1128,909,0.1941
/vs/gift-vs-gifts,en,735,586,0.2027
/vs/gift-vs-gifts,zh,1107,909,0.1789
/vs/gifts-vs-shop,en,697,529,0.2410
/vs/gifts-vs-shop,zh,1038,818,0.2119
/vs/glass-vs-art,en,800,641,0.1987
/vs/glass-vs-art,zh,1293,1083,0.1624
/vs/global-vs-world,en,853,691,0.1899
/vs/global-vs-world,zh,1336,1122,0.1602
/vs/gmbh-vs-company,en,845,697,0.1751
/vs/gmbh-vs-company,zh,1315,1123,0.1460
/vs/gold-vs-vip,en,837,669,0.2007
/vs/gold-vs-vip,zh,1314,1098,0.1644
/vs/golf-vs-club,en,703,538,0.2347
/vs/golf-vs-club,zh,1068,851,0.2032
/vs/golf-vs-travel,en,718,553,0.2298
/vs/golf-vs-travel,zh,1136,921,0.1893
/vs/gr-vs-tr,en,727,574,0.2105
/vs/gr-vs-tr,zh,1220,1019,0.1648
/vs/graphics-vs-design,en,762,628,0.1759
/vs/graphics-vs-design,zh,1239,1053,0.1501
/vs/green-vs-eco,en,686,532,0.2245
/vs/green-vs-eco,zh,1104,896,0.1884
/vs/group-vs-agency,en,859,695,0.1909
/vs/group-vs-agency,zh,1340,1128,0.1582
/vs/guide-vs-tips,en,676,526,0.2219
/vs/guide-vs-tips,zh,1078,879,0.1846
/vs/guru-vs-expert,en,653,497,0.2389
/vs/guru-vs-expert,zh,1000,798,0.2020
/vs/hair-vs-salon,en,732,577,0.2117
/vs/hair-vs-salon,zh,1142,939,0.1778
/vs/health-vs-care,en,727,558,0.2325
/vs/health-vs-care,zh,1152,931,0.1918
/vs/health-vs-life,en,714,546,0.2353
/vs/health-vs-life,zh,1132,911,0.1952
/vs/healthcare-vs-health,en,819,665,0.1880
/vs/healthcare-vs-health,zh,1332,1127,0.1539
/vs/help-vs-support,en,732,585,0.2008
/vs/help-vs-support,zh,1116,923,0.1729
/vs/hk-vs-sg,en,812,653,0.1958
/vs/hk-vs-sg,zh,1204,997,0.1719
/vs/hockey-vs-team,en,710,551,0.2239
/vs/hockey-vs-team,zh,1099,884,0.1956
/vs/holdings-vs-group,en,698,545,0.2192
/vs/holdings-vs-group,zh,1131,932,0.1760
/vs/homes-vs-house,en,736,578,0.2147
/vs/homes-vs-house,zh,1154,946,0.1802
/vs/horse-vs-pet,en,752,593,0.2114
/vs/horse-vs-pet,zh,1115,904,0.1892
/vs/hospital-vs-clinic,en,806,652,0.1911
/vs/hospital-vs-clinic,zh,1300,1096,0.1569
/vs/host-vs-cloud,en,626,478,0.2364
/vs/host-vs-cloud,zh,950,758,0.2021
/vs/house-vs-estate,en,739,572,0.2260
/vs/house-vs-estate,zh,1117,901,0.1934
/vs/house-vs-style,en,709,548,0.2271
/vs/house-vs-style,zh,1068,859,0.1957
/vs/hu-vs-cz,en,764,614,0.1963
/vs/hu-vs-cz,zh,1181,983,0.1677
/vs/icu-vs-xyz,en,602,467,0.2243
/vs/icu-vs-xyz,zh,927,747,0.1942
/vs/id-vs-me,en,813,649,0.2017
/vs/id-vs-me,zh,1195,979,0.1808
/vs/id-vs-sg,en,785,624,0.2051
/vs/id-vs-sg,zh,1195,988,0.1732
/vs/ie-vs-uk,en,751,602,0.1984
/vs/ie-vs-uk,zh,1147,952,0.1700
/vs/il-vs-com,en,742,576,0.2237
/vs/il-vs-com,zh,1158,941,0.1874
/vs/immo-vs-estate,en,788,650,0.1751
/vs/immo-vs-estate,zh,1262,1077,0.1466
/vs/immobilien-vs-immo,en,846,701,0.1714
/vs/immobilien-vs-immo,zh,1301,1112,0.1453
/vs/in-vs-com,en,804,639,0.2052
/vs/in-vs-com,zh,1205,991,0.1776
/vs/info-vs-com,en,678,530,0.2183
/vs/info-vs-com,zh,1023,823,0.1955
/vs/info-vs-net,en,597,452,0.2429
/vs/info-vs-net,zh,946,753,0.2040
/vs/info-vs-org,en,827,682,0.1753
/vs/info-vs-org,zh,1211,1013,0.1635
/vs/ink-vs-art,en,623,475,0.2376
/vs/ink-vs-art,zh,1040,840,0.1923
/vs/institute-vs-international,en,731,587,0.1970
/vs/institute-vs-international,zh,1140,950,0.1667
/vs/investments-vs-fund,en,674,550,0.1840
/vs/investments-vs-fund,zh,1051,883,0.1598
/vs/io-vs-ai,en,799,636,0.2040
/vs/io-vs-ai,zh,1209,996,0.1762
/vs/io-vs-co,en,884,719,0.1867
/vs/io-vs-co,zh,1335,1118,0.1625
/vs/io-vs-dev,en,885,722,0.1842
/vs/io-vs-dev,zh,1299,1086,0.1640
/vs/io-vs-sh,en,676,513,0.2411
/vs/io-vs-sh,zh,1044,829,0.2059
/vs/io-vs-tech,en,826,663,0.1973
/vs/io-vs-tech,zh,1256,1042,0.1704
/vs/is-vs-fi,en,735,585,0.2041
/vs/is-vs-fi,zh,1151,953,0.1720
/vs/it-vs-de,en,763,605,0.2071
/vs/it-vs-de,zh,1179,975,0.1730
/vs/jewelry-vs-boutique,en,760,599,0.2118
/vs/jewelry-vs-boutique,zh,1170,959,0.1803
/vs/jp-vs-cn,en,761,600,0.2116
/vs/jp-vs-cn,zh,1244,1028,0.1736
/vs/kaufen-vs-shop,en,857,691,0.1937
/vs/kaufen-vs-shop,zh,1301,1085,0.1660
/vs/ke-vs-ng,en,721,571,0.2080
/vs/ke-vs-ng,zh,1105,907,0.1792
/vs/kids-vs-baby,en,839,682,0.1871
/vs/kids-vs-baby,zh,1327,1120,0.1560
/vs/kids-vs-family,en,810,651,0.1963
/vs/kids-vs-family,zh,1294,1084,0.1623
/vs/kitchen-vs-restaurant,en,692,523,0.2442
/vs/kitchen-vs-restaurant,zh,1039,821,0.2098
/vs/kr-vs-jp,en,703,556,0.2091
/vs/kr-vs-jp,zh,1121,926,0.1740
/vs/kz-vs-tr,en,748,595,0.2045
/vs/kz-vs-tr,zh,1176,975,0.1709
/vs/land-vs-com,en,798,632,0.2080
/vs/land-vs-com,zh,1240,1023,0.1750
/vs/law-vs-expert,en,768,601,0.2174
/vs/law-vs-expert,zh,1167,948,0.1877
/vs/law-vs-pro,en,700,536,0.2343
/vs/law-vs-pro,zh,1096,876,0.2007
/vs/lawyer-vs-legal,en,735,584,0.2054
/vs/lawyer-vs-legal,zh,1144,949,0.1705
/vs/legal-vs-law,en,767,611,0.2034
/vs/legal-vs-law,zh,1179,973,0.1747
/vs/life-vs-live,en,833,665,0.2017
/vs/life-vs-live,zh,1314,1095,0.1667
/vs/life-vs-me,en,934,767,0.1788
/vs/life-vs-me,zh,1391,1173,0.1567
/vs/lighting-vs-garden,en,779,621,0.2028
/vs/lighting-vs-garden,zh,1229,1017,0.1725
/vs/lighting-vs-solar,en,769,619,0.1951
/vs/lighting-vs-solar,zh,1214,1016,0.1631
/vs/limited-vs-ltd,en,738,582,0.2114
/vs/limited-vs-ltd,zh,1154,948,0.1785
/vs/limo-vs-taxi,en,765,618,0.1922
/vs/limo-vs-taxi,zh,1174,981,0.1644
/vs/link-vs-cc,en,762,609,0.2008
/vs/link-vs-cc,zh,1114,914,0.1795
/vs/live-vs-online,en,757,589,0.2219
/vs/live-vs-online,zh,1096,877,0.1998
/vs/live-vs-tv,en,792,655,0.1730
/vs/live-vs-tv,zh,1188,1001,0.1574
/vs/lk-vs-my,en,766,620,0.1906
/vs/lk-vs-my,zh,1144,952,0.1678
/vs/loans-vs-money,en,643,519,0.1928
/vs/loans-vs-money,zh,1028,860,0.1634
/vs/lol-vs-gg,en,691,528,0.2359
/vs/lol-vs-gg,zh,987,773,0.2168
/vs/london-vs-uk,en,780,689,0.1167
/vs/london-vs-uk,zh,1271,1136,0.1062
/vs/love-vs-me,en,766,598,0.2193
/vs/love-vs-me,zh,1100,881,0.1991
/vs/lt-vs-ee,en,756,606,0.1984
/vs/lt-vs-ee,zh,1189,991,0.1665
/vs/lt-vs-lv,en,779,632,0.1887
/vs/lt-vs-lv,zh,1221,1026,0.1597
/vs/ltd-vs-co,en,678,510,0.2478
/vs/ltd-vs-co,zh,1076,854,0.2063
/vs/ltd-vs-llc,en,661,507,0.2330
/vs/ltd-vs-llc,zh,1037,835,0.1948
/vs/luxury-vs-vip,en,806,636,0.2109
/vs/luxury-vs-vip,zh,1235,1014,0.1789
/vs/ma-vs-eg,en,804,657,0.1828
/vs/ma-vs-eg,zh,1228,1033,0.1588
/vs/makeup-vs-boutique,en,739,579,0.2165
/vs/makeup-vs-boutique,zh,1170,955,0.1838
/vs/management-vs-consulting,en,720,573,0.2042
/vs/management-vs-consulting,zh,1161,968,0.1662
/vs/market-vs-exchange,en,677,525,0.2245
/vs/market-vs-exchange,zh,1058,857,0.1900
/vs/marketing-vs-agency,en,659,506,0.2322
/vs/marketing-vs-agency,zh,1019,820,0.1953
/vs/mba-vs-school,en,754,603,0.2003
/vs/mba-vs-school,zh,1137,936,0.1768
/vs/me-vs-io,en,887,721,0.1871
/vs/me-vs-io,zh,1260,1041,0.1738
/vs/media-vs-studio,en,840,671,0.2012
/vs/media-vs-studio,zh,1293,1074,0.1694
/vs/media-vs-tv,en,630,492,0.2190
/vs/media-vs-tv,zh,982,794,0.1914
/vs/meme-vs-fun,en,789,623,0.2104
/vs/meme-vs-fun,zh,1258,1040,0.1733
/vs/meme-vs-lol,en,760,627,0.1750
/vs/meme-vs-lol,zh,1168,991,0.1515
/vs/menu-vs-cafe,en,781,610,0.2190
/vs/menu-vs-cafe,zh,1163,942,0.1900
/vs/menu-vs-restaurant,en,707,537,0.2405
/vs/menu-vs-restaurant,zh,1063,843,0.2070
/vs/miami-vs-nyc,en,828,743,0.1027
/vs/miami-vs-nyc,zh,1349,1220,0.0956
/vs/mobi-vs-app,en,883,721,0.1835
/vs/mobi-vs-app,zh,1331,1119,0.1593
/vs/moda-vs-fashion,en,778,642,0.1748
/vs/moda-vs-fashion,zh,1230,1047,0.1488
/vs/moe-vs-fun,en,674,508,0.2463
/vs/moe-vs-fun,zh,1034,816,0.2108
/vs/mom-vs-me,en,716,552,0.2291
/vs/mom-vs-me,zh,1065,849,0.2028
/vs/money-vs-finance,en,582,446,0.2337
/vs/money-vs-finance,zh,916,736,0.1965
/vs/monster-vs-games,en,801,639,0.2022
/vs/monster-vs-games,zh,1275,1062,0.1671
/vs/mortgage-vs-estate,en,669,534,0.2018
/vs/mortgage-vs-estate,zh,1076,894,0.1691
/vs/movie-vs-tv,en,710,574,0.1915
/vs/movie-vs-tv,zh,1111,921,0.1710
/vs/mx-vs-es,en,788,636,0.1929
/vs/mx-vs-es,zh,1214,1016,0.1631
/vs/my-vs-sg,en,795,637,0.1987
/vs/my-vs-sg,zh,1240,1036,0.1645
/vs/net-vs-org,en,738,591,0.1992
/vs/net-vs-org,zh,1103,902,0.1822
/vs/network-vs-tech,en,871,706,0.1894
/vs/network-vs-tech,zh,1325,1107,0.1645
/vs/news-vs-media,en,610,475,0.2213
/vs/news-vs-media,zh,965,775,0.1969
/vs/ng-vs-com,en,749,583,0.2216
/vs/ng-vs-com,zh,1178,961,0.1842
/vs/ninja-vs-dev,en,868,703,0.1901
/vs/ninja-vs-dev,zh,1266,1050,0.1706
/vs/nl-vs-de,en,754,594,0.2122
/vs/nl-vs-de,zh,1143,939,0.1785
/vs/no-vs-dk,en,765,618,0.1922
/vs/no-vs-dk,zh,1192,997,0.1636
/vs/nyc-vs-us,en,808,717,0.1126
/vs/nyc-vs-us,zh,1285,1150,0.1051
/vs/nz-vs-au,en,716,571,0.2025
/vs/nz-vs-au,zh,1194,1005,0.1583
/vs/one-vs-me,en,672,526,0.2173
/vs/one-vs-me,zh,969,771,0.2043
/vs/online-vs-site,en,725,558,0.2303
/vs/online-vs-site,zh,1102,881,0.2005
/vs/org-vs-co,en,647,501,0.2257
/vs/org-vs-co,zh,1036,834,0.1950
/vs/organic-vs-bio,en,775,628,0.1897
/vs/organic-vs-bio,zh,1294,1099,0.1507
/vs/page-vs-com,en,658,493,0.2508
/vs/page-vs-com,zh,1028,814,0.2082
/vs/paris-vs-london,en,825,679,0.1770
/vs/paris-vs-london,zh,1303,1111,0.1474
/vs/partners-vs-group,en,725,569,0.2152
/vs/partners-vs-group,zh,1128,926,0.1791
/vs/parts-vs-repair,en,789,631,0.2003
/vs/parts-vs-repair,zh,1240,1032,0.1677
/vs/party-vs-events,en,754,601,0.2029
/vs/party-vs-events,zh,1152,948,0.1771
/vs/pe-vs-cl,en,675,525,0.2222
/vs/pe-vs-cl,zh,1084,886,0.1827
/vs/pet-vs-shop,en,919,751,0.1828
/vs/pet-vs-shop,zh,1340,1120,0.1642
/vs/ph-vs-sg,en,755,600,0.2053
/vs/ph-vs-sg,zh,1163,962,0.1728
/vs/photo-vs-photography,en,669,535,0.2003
/vs/photo-vs-photography,zh,1061,879,0.1715
/vs/photography-vs-photos,en,635,490,0.2283
/vs/photography-vs-photos,zh,1000,803,0.1970
/vs/photos-vs-gallery,en,646,502,0.2229
/vs/photos-vs-gallery,zh,1031,832,0.1930
/vs/pics-vs-photos,en,787,650,0.1741
/vs/pics-vs-photos,zh,1239,1052,0.1509
/vs/pictures-vs-photos,en,717,560,0.2190
/vs/pictures-vs-photos,zh,1115,905,0.1883
/vs/pink-vs-me,en,672,505,0.2485
/vs/pink-vs-me,zh,956,736,0.2301
/vs/pizza-vs-com,en,867,700,0.1926
/vs/pizza-vs-com,zh,1308,1091,0.1659
/vs/pk-vs-in,en,705,559,0.2071
/vs/pk-vs-in,zh,1093,901,0.1757
/vs/pl-vs-eu,en,801,643,0.1973
/vs/pl-vs-eu,zh,1197,993,0.1704
/vs/place-vs-space,en,803,653,0.1868
/vs/place-vs-space,zh,1246,1044,0.1621
/vs/plumbing-vs-repair,en,767,611,0.2034
/vs/plumbing-vs-repair,zh,1153,950,0.1761
/vs/plus-vs-vip,en,760,592,0.2211
/vs/plus-vs-vip,zh,1104,888,0.1957
/vs/poker-vs-games,en,755,588,0.2212
/vs/poker-vs-games,zh,1192,971,0.1854
/vs/press-vs-news,en,641,514,0.1981
/vs/press-vs-news,zh,988,808,0.1822
/vs/pro-vs-co,en,732,585,0.2008
/vs/pro-vs-co,zh,1166,964,0.1732
/vs/pro-vs-vip,en,796,630,0.2085
/vs/pro-vs-vip,zh,1229,1009,0.1790
/vs/productions-vs-studio,en,725,558,0.2303
/vs/productions-vs-studio,zh,1147,928,0.1909
/vs/promo-vs-shop,en,682,512,0.2493
/vs/promo-vs-shop,zh,1048,825,0.2128
/vs/properties-vs-estate,en,655,515,0.2137
/vs/properties-vs-estate,zh,1014,825,0.1864
/vs/properties-vs-rentals,en,658,516,0.2158
/vs/properties-vs-rentals,zh,987,794,0.1955
/vs/pub-vs-bar,en,709,548,0.2271
/vs/pub-vs-bar,zh,1159,946,0.1838
/vs/qa-vs-ae,en,735,585,0.2041
/vs/qa-vs-ae,zh,1113,915,0.1779
/vs/quest-vs-fun,en,800,634,0.2075
/vs/quest-vs-fun,zh,1217,999,0.1791
/vs/quest-vs-games,en,803,638,0.2055
/vs/quest-vs-games,zh,1273,1057,0.1697
/vs/recipes-vs-menu,en,767,610,0.2047
/vs/recipes-vs-menu,zh,1173,970,0.1731
/vs/red-vs-vip,en,939,771,0.1789
/vs/red-vs-vip,zh,1396,1180,0.1547
/vs/rehab-vs-care,en,832,671,0.1935
/vs/rehab-vs-care,zh,1329,1119,0.1580
/vs/rent-vs-rentals,en,732,596,0.1858
/vs/rent-vs-rentals,zh,1155,967,0.1628
/vs/repair-vs-services,en,700,531,0.2414
/vs/repair-vs-services,zh,1046,826,0.2103
/vs/report-vs-news,en,781,654,0.1626
/vs/report-vs-news,zh,1224,1044,0.1471
/vs/restaurant-vs-bar,en,915,746,0.1847
/vs/restaurant-vs-bar,zh,1445,1225,0.1522
/vs/restaurant-vs-cafe,en,701,531,0.2425
/vs/restaurant-vs-cafe,zh,1026,805,0.2154
/vs/review-vs-reviews,en,712,595,0.1643
/vs/review-vs-reviews,zh,1149,986,0.1419
/vs/reviews-vs-blog,en,673,544,0.1917
/vs/reviews-vs-blog,zh,1070,895,0.1636
/vs/ro-vs-pl,en,764,611,0.2003
/vs/ro-vs-pl,zh,1180,979,0.1703
/vs/rocks-vs-fun,en,911,745,0.1822
/vs/rocks-vs-fun,zh,1348,1130,0.1617
/vs/rs-vs-io,en,790,625,0.2089
/vs/rs-vs-io,zh,1191,975,0.1814
/vs/rugby-vs-football,en,776,624,0.1959
/vs/rugby-vs-football,zh,1271,1068,0.1597
/vs/run-vs-club,en,806,638,0.2084
/vs/run-vs-club,zh,1317,1095,0.1686
/vs/sa-vs-ae,en,715,562,0.2140
/vs/sa-vs-ae,zh,1071,870,0.1877
/vs/sale-vs-shop,en,716,550,0.2318
/vs/sale-vs-shop,zh,1070,854,0.2019
/vs/salon-vs-studio,en,686,519,0.2434
/vs/salon-vs-studio,zh,1040,821,0.2106
/vs/sbs-vs-xyz,en,791,656,0.1707
/vs/sbs-vs-xyz,zh,1230,1050,0.1463
/vs/se-vs-com,en,764,598,0.2173
/vs/se-vs-com,zh,1194,977,0.1817
/vs/services-vs-agency,en,682,513,0.2478
/vs/services-vs-agency,zh,1065,845,0.2066
/vs/sg-vs-asia,en,827,666,0.1947
/vs/sg-vs-asia,zh,1294,1087,0.1600
/vs/sh-vs-dev,en,825,661,0.1988
/vs/sh-vs-dev,zh,1221,1003,0.1785
/vs/shoes-vs-fashion,en,729,570,0.2181
/vs/shoes-vs-fashion,zh,1090,881,0.1917
/vs/shoes-vs-store,en,743,576,0.2248
/vs/shoes-vs-store,zh,1066,845,0.2073
/vs/shop-vs-com,en,759,591,0.2213
/vs/shop-vs-com,zh,1156,937,0.1894
/vs/shop-vs-store,en,718,550,0.2340
/vs/shop-vs-store,zh,1107,887,0.1987
/vs/shopping-vs-shop,en,780,614,0.2128
/vs/shopping-vs-shop,zh,1214,998,0.1779
/vs/singles-vs-dating,en,780,631,0.1910
/vs/singles-vs-dating,zh,1217,1019,0.1627
/vs/site-vs-com,en,857,688,0.1972
/vs/site-vs-com,zh,1280,1060,0.1719
/vs/sk-vs-cz,en,803,653,0.1868
/vs/sk-vs-cz,zh,1235,1037,0.1603
/vs/skin-vs-beauty,en,700,569,0.1871
/vs/skin-vs-beauty,zh,1142,962,0.1576
/vs/so-vs-io,en,879,717,0.1843
/vs/so-vs-io,zh,1271,1058,0.1676
/vs/soccer-vs-club,en,709,542,0.2355
/vs/soccer-vs-club,zh,1087,863,0.2061
/vs/soccer-vs-football,en,713,553,0.2244
/vs/soccer-vs-football,zh,1110,896,0.1928
/vs/social-vs-com,en,806,641,0.2047
/vs/social-vs-com,zh,1282,1068,0.1669
/vs/software-vs-app,en,674,512,0.2404
/vs/software-vs-app,zh,1044,832,0.2031
/vs/solutions-vs-services,en,668,510,0.2365
/vs/solutions-vs-services,zh,1032,825,0.2006
/vs/spa-vs-salon,en,736,583,0.2079
/vs/spa-vs-salon,zh,1122,923,0.1774
/vs/space-vs-site,en,745,579,0.2228
/vs/space-vs-site,zh,1118,896,0.1986
/vs/store-vs-com,en,828,661,0.2017
/vs/store-vs-com,zh,1287,1068,0.1702
/vs/store-vs-online,en,722,555,0.2313
/vs/store-vs-online,zh,1079,859,0.2039
/vs/stream-vs-live,en,691,559,0.1910
/vs/stream-vs-live,zh,1070,886,0.1720
/vs/studio-vs-co,en,767,601,0.2164
/vs/studio-vs-co,zh,1197,978,0.1830
/vs/studio-vs-design,en,699,550,0.2132
/vs/studio-vs-design,zh,1071,870,0.1877
/vs/study-vs-courses,en,735,587,0.2014
/vs/study-vs-courses,zh,1175,983,0.1634
/vs/supplies-vs-supply,en,773,620,0.1979
/vs/supplies-vs-supply,zh,1211,1004,0.1709
/vs/supply-vs-express,en,760,602,0.2079
/vs/supply-vs-express,zh,1183,972,0.1784
/vs/support-vs-center,en,746,592,0.2064
/vs/support-vs-center,zh,1130,926,0.1805
/vs/surf-vs-fun,en,727,561,0.2283
/vs/surf-vs-fun,zh,1115,897,0.1955
/vs/surf-vs-travel,en,761,596,0.2168
/vs/surf-vs-travel,zh,1165,950,0.1845
/vs/surgery-vs-clinic,en,819,665,0.1880
/vs/surgery-vs-clinic,zh,1268,1064,0.1609
/vs/systems-vs-network,en,648,500,0.2284
/vs/systems-vs-network,zh,1033,834,0.1926
/vs/tattoo-vs-ink,en,744,608,0.1828
/vs/tattoo-vs-ink,zh,1222,1033,0.1547
/vs/tax-vs-finance,en,705,543,0.2298
/vs/tax-vs-finance,zh,1065,857,0.1953
/vs/taxi-vs-city,en,691,523,0.2431
/vs/taxi-vs-city,zh,1043,825,0.2090
/vs/team-vs-com,en,803,635,0.2092
/vs/team-vs-com,zh,1215,993,0.1827
/vs/tech-vs-com,en,830,662,0.2024
/vs/tech-vs-com,zh,1257,1039,0.1734
/vs/technology-vs-tech,en,669,506,0.2436
/vs/technology-vs-tech,zh,1030,818,0.2058
/vs/tennis-vs-club,en,714,547,0.2339
/vs/tennis-vs-club,zh,1117,895,0.1987
/vs/tennis-vs-coach,en,729,566,0.2236
/vs/tennis-vs-coach,zh,1111,895,0.1944
/vs/th-vs-vn,en,704,557,0.2088
/vs/th-vs-vn,zh,1267,1072,0.1539
/vs/theater-vs-show,en,732,585,0.2008
/vs/theater-vs-show,zh,1139,943,0.1721
/vs/tickets-vs-events,en,768,615,0.1992
/vs/tickets-vs-events,zh,1189,985,0.1716
/vs/tienda-vs-shop,en,873,707,0.1901
/vs/tienda-vs-shop,zh,1310,1094,0.1649
/vs/tips-vs-blog,en,678,516,0.2389
/vs/tips-vs-blog,zh,1036,825,0.2037
/vs/tires-vs-autos,en,829,681,0.1785
/vs/tires-vs-autos,zh,1302,1107,0.1498
/vs/tokyo-vs-asia,en,825,737,0.1067
/vs/tokyo-vs-asia,zh,1372,1240,0.0962
/vs/tools-vs-app,en,655,493,0.2473
/vs/tools-vs-app,zh,1058,846,0.2004
/vs/tours-vs-vacations,en,680,525,0.2279
/vs/tours-vs-vacations,zh,1043,840,0.1946
/vs/town-vs-city,en,824,661,0.1978
/vs/town-vs-city,zh,1255,1044,0.1681
/vs/toys-vs-games,en,732,567,0.2254
/vs/toys-vs-games,zh,1129,913,0.1913
/vs/toys-vs-shop,en,733,567,0.2265
/vs/toys-vs-shop,zh,1067,851,0.2024
/vs/tr-vs-ae,en,784,625,0.2028
/vs/tr-vs-ae,zh,1196,989,0.1731
/vs/training-vs-coach,en,705,545,0.2270
/vs/training-vs-coach,zh,1093,880,0.1949
/vs/travel-vs-tours,en,686,519,0.2434
/vs/travel-vs-tours,zh,1079,859,0.2039
/vs/tv-vs-com,en,896,730,0.1853
/vs/tv-vs-com,zh,1399,1182,0.1551
/vs/tw-vs-hk,en,761,615,0.1919
/vs/tw-vs-hk,zh,1150,958,0.1670
/vs/ua-vs-pl,en,744,591,0.2056
/vs/ua-vs-pl,zh,1117,916,0.1799
/vs/uk-vs-com,en,902,737,0.1829
/vs/uk-vs-com,zh,1404,1190,0.1524
/vs/university-vs-education,en,797,646,0.1895
/vs/university-vs-education,zh,1266,1070,0.1548
/vs/us-vs-com,en,810,645,0.2037
/vs/us-vs-com,zh,1246,1032,0.1717
/vs/uy-vs-ar,en,802,655,0.1833
/vs/uy-vs-ar,zh,1225,1030,0.1592
/vs/vacations-vs-holiday,en,677,530,0.2171
/vs/vacations-vs-holiday,zh,1042,849,0.1852
/vs/vegas-vs-casino,en,781,633,0.1895
/vs/vegas-vs-casino,zh,1255,1060,0.1554
/vs/ventures-vs-capital,en,660,539,0.1833
/vs/ventures-vs-capital,zh,1039,874,0.1588
/vs/vet-vs-pet,en,720,563,0.2181
/vs/vet-vs-pet,zh,1110,903,0.1865
/vs/video-vs-tv,en,595,458,0.2303
/vs/video-vs-tv,zh,952,764,0.1975
/vs/villas-vs-rentals,en,736,576,0.2174
/vs/villas-vs-rentals,zh,1151,939,0.1842
/vs/vin-vs-wine,en,786,633,0.1947
/vs/vin-vs-wine,zh,1248,1043,0.1643
/vs/vip-vs-club,en,757,588,0.2232
/vs/vip-vs-club,zh,1091,870,0.2026
/vs/vip-vs-top,en,676,508,0.2485
/vs/vip-vs-top,zh,1032,816,0.2093
/vs/vision-vs-care,en,815,654,0.1975
/vs/vision-vs-care,zh,1243,1033,0.1689
/vs/vn-vs-id,en,724,572,0.2099
/vs/vn-vs-id,zh,1234,1036,0.1605
/vs/vodka-vs-wine,en,786,633,0.1947
/vs/vodka-vs-wine,zh,1240,1035,0.1653
/vs/voyage-vs-tours,en,754,600,0.2042
/vs/voyage-vs-tours,zh,1167,963,0.1748
/vs/wang-vs-cn,en,804,704,0.1244
/vs/wang-vs-cn,zh,1299,1146,0.1178
/vs/wang-vs-com,en,792,627,0.2083
/vs/wang-vs-com,zh,1260,1046,0.1698
/vs/watch-vs-show,en,710,588,0.1718
/vs/watch-vs-show,zh,1104,926,0.1612
/vs/website-vs-site,en,696,532,0.2356
/vs/website-vs-site,zh,1060,846,0.2019
/vs/wedding-vs-love,en,737,582,0.2103
/vs/wedding-vs-love,zh,1112,908,0.1835
/vs/wiki-vs-info,en,699,542,0.2246
/vs/wiki-vs-info,zh,1103,895,0.1886
/vs/win-vs-bet,en,783,627,0.1992
/vs/win-vs-bet,zh,1274,1067,0.1625
/vs/win-vs-vip,en,824,654,0.2063
/vs/win-vs-vip,zh,1245,1023,0.1783
/vs/wine-vs-bar,en,661,497,0.2481
/vs/wine-vs-bar,zh,1093,875,0.1995
/vs/work-vs-works,en,720,564,0.2167
/vs/work-vs-works,zh,1096,887,0.1907
/vs/works-vs-studio,en,883,715,0.1903
/vs/works-vs-studio,zh,1304,1086,0.1672
/vs/world-vs-com,en,812,644,0.2069
/vs/world-vs-com,zh,1272,1053,0.1722
/vs/wtf-vs-lol,en,556,426,0.2338
/vs/wtf-vs-lol,zh,867,693,0.2007
/vs/xyz-vs-top,en,704,560,0.2045
/vs/xyz-vs-top,zh,1092,903,0.1731
/vs/yoga-vs-fitness,en,680,521,0.2338
/vs/yoga-vs-fitness,zh,1034,828,0.1992
/vs/za-vs-ng,en,735,585,0.2041
/vs/za-vs-ng,zh,1115,917,0.1776
/vs/zone-vs-site,en,850,685,0.1941
/vs/zone-vs-site,zh,1309,1090,0.1673
